event_id,event_type,distance,date_time,popularity,price,rank,q_value
481,DJ Set,4.420000076293945,2024-11-26 12:30:10,540,48.0,1,59.990901947021484
242,Professional Game,14.539999961853027,2025-01-03 23:45:10,496,257.0,2,59.98714828491211
597,Tournament,16.110000610351562,2024-12-01 08:45:10,1198,60.0,3,59.97323226928711
351,Festival,96.63999938964844,2024-11-30 19:30:10,865,89.0,4,59.97003173828125
73,Festival,8.149999618530273,2024-12-11 12:45:10,351,165.0,5,59.95933532714844
289,Festival,7.449999809265137,2024-11-25 20:00:10,274,28.0,6,59.958648681640625
646,Marathon,12.079999923706055,2024-11-26 13:15:10,739,30.0,7,59.949153900146484
508,Tournament,18.520000457763672,2024-11-18 23:00:10,545,147.0,8,59.94025802612305
595,Professional Game,9.510000228881836,2024-11-28 09:00:10,721,180.0,9,59.91979217529297
908,Live Band,1.159999966621399,2024-11-19 20:45:10,1150,93.0,10,59.91117477416992
341,Fundraiser,3.1500000953674316,2024-11-23 21:00:10,313,71.0,11,59.894752502441406
98,Marathon,4.940000057220459,2024-11-28 20:00:10,535,41.0,12,59.89344787597656
929,Meeting,15.779999732971191,2024-11-22 19:30:10,262,2.0,13,59.873897552490234
10,DJ Set,96.98999786376953,2024-11-28 12:00:10,719,52.0,14,59.86688232421875
173,Meeting,14.3100004196167,2024-11-21 11:15:10,414,8.0,15,59.85777282714844
393,Theater,5.03000020980835,2024-11-27 22:45:10,538,65.0,16,59.852996826171875
245,Tournament,17.940000534057617,2024-11-25 12:45:10,239,96.0,17,59.84482955932617
46,Professional Game,3.859999895095825,2024-12-01 17:30:10,1056,66.0,18,59.841068267822266
241,Tournament,10.770000457763672,2024-11-29 12:45:10,706,108.0,19,59.83784484863281
711,DJ Set,12.699999809265137,2024-11-22 11:30:10,845,29.0,20,59.835655212402344
277,Gallery Opening,15.430000305175781,2024-11-22 22:00:10,263,22.0,21,59.83112716674805
143,Market,18.719999313354492,2024-11-27 17:45:10,178,17.0,22,59.82750701904297
609,Market,18.90999984741211,2024-11-22 22:30:10,139,11.0,23,59.82244873046875
60,Conference,14.050000190734863,2024-11-25 22:00:10,257,490.0,24,59.82151794433594
430,Training Session,18.68000030517578,2024-11-30 15:45:10,924,22.0,25,59.82049560546875
229,Professional Game,4.059999942779541,2024-12-09 17:30:10,932,237.0,26,59.81806564331055
577,Meeting,18.450000762939453,2024-12-01 19:45:10,495,8.0,27,59.81749725341797
170,Workshop,12.420000076293945,2024-12-17 20:45:10,468,226.0,28,59.81344985961914
684,Festival,12.5,2024-11-29 16:00:10,57,16.0,29,59.80577850341797
685,Marathon,4.75,2024-11-22 19:15:10,725,64.0,30,59.800655364990234
153,Fundraiser,98.8499984741211,2024-11-30 18:00:10,331,60.0,31,59.80051040649414
529,Professional Game,7.5,2024-12-31 19:30:10,590,200.0,32,59.799617767333984
650,Fundraiser,49.439998626708984,2024-11-22 22:00:10,140,11.0,33,59.79890441894531
669,Professional Game,19.010000228881836,2024-11-20 12:15:10,335,146.0,34,59.79122543334961
465,Festival,18.6299991607666,2024-11-27 12:30:10,66,16.0,35,59.7899055480957
671,Exhibition,13.989999771118164,2024-11-28 08:45:10,660,5.0,36,59.788665771484375
554,Concert,4.179999828338623,2024-11-22 22:15:10,1202,60.0,37,59.78363037109375
541,Orchestra,13.279999732971191,2024-11-18 19:15:10,1160,200.0,38,59.77853012084961
703,Concert,7.440000057220459,2024-11-23 15:00:10,771,190.0,39,59.769962310791016
571,Gallery Opening,19.940000534057617,2024-11-23 12:30:10,840,10.0,40,59.765052795410156
653,Amateur Match,4.420000076293945,2024-11-26 09:15:10,596,35.0,41,59.76457595825195
140,Local Event,6.25,2024-11-22 08:00:10,190,20.0,42,59.761966705322266
213,Festival,15.859999656677246,2024-11-19 20:45:10,977,231.0,43,59.761295318603516
970,Exhibition,2.930000066757202,2024-12-01 17:30:10,460,42.0,44,59.759033203125
291,Fundraiser,16.8799991607666,2024-11-30 14:30:10,292,21.0,45,59.75460433959961
781,Tournament,9.819999694824219,2024-11-28 08:00:10,586,99.0,46,59.75042724609375
99,Marathon,8.720000267028809,2024-11-25 16:15:10,787,96.0,47,59.74802017211914
284,Amateur Match,4.360000133514404,2024-11-25 12:45:10,209,37.0,48,59.74528884887695
455,Performance,9.569999694824219,2024-11-18 21:00:10,266,100.0,49,59.742427825927734
8,Professional Game,3.3499999046325684,2024-11-23 12:00:10,873,51.0,50,59.74086380004883
586,Performance,3.630000114440918,2024-11-26 23:15:10,267,57.0,51,59.736175537109375
395,DJ Set,2.950000047683716,2024-11-26 12:00:10,487,72.0,52,59.73555374145508
967,Museum,8.600000381469727,2024-12-23 13:45:10,497,17.0,53,59.71927261352539
934,Training,4.21999979019165,2024-11-30 19:00:10,485,183.0,54,59.71505355834961
896,Museum,4.039999961853027,2024-11-20 15:00:10,196,28.0,55,59.71288299560547
731,DJ Set,8.8100004196167,2024-11-22 14:15:10,831,47.0,56,59.70883560180664
603,Marathon,10.979999542236328,2024-11-22 17:15:10,592,77.0,57,59.70368194580078
690,Concert,14.1899995803833,2024-12-05 08:15:10,632,93.0,58,59.69992446899414
368,Local Event,11.899999618530273,2024-11-23 17:30:10,479,29.0,59,59.696205139160156
468,Workshop,18.799999237060547,2024-11-22 12:30:10,280,172.0,60,59.689212799072266
531,Meeting,16.309999465942383,2024-11-29 17:15:10,161,8.0,61,59.68185043334961
638,Professional Game,72.54000091552734,2024-11-21 12:00:10,280,285.0,62,59.67736053466797
566,Festival,11.369999885559082,2024-11-18 17:30:10,198,15.0,63,59.67135238647461
246,Marathon,5.619999885559082,2024-11-23 12:30:10,864,66.0,64,59.666324615478516
194,Tournament,10.930000305175781,2024-11-28 20:15:10,767,69.0,65,59.65685272216797
793,Festival,16.969999313354492,2024-11-26 13:15:10,614,289.0,66,59.65566635131836
309,Amateur Match,19.959999084472656,2024-11-21 20:30:10,942,18.0,67,59.654701232910156
200,Training Session,35.41999816894531,2024-11-26 23:45:10,468,56.0,68,59.65225601196289
510,Live Band,15.75,2024-11-22 23:15:10,1856,27.0,69,59.65202331542969
724,Market,42.720001220703125,2024-11-28 21:15:10,223,9.0,70,59.646305084228516
990,Training,9.970000267028809,2024-11-20 12:00:10,151,176.0,71,59.64393615722656
546,Festival,0.07000000029802322,2024-11-29 08:15:10,738,100.0,72,59.64265060424805
290,Festival,7.420000076293945,2024-11-21 22:45:10,845,132.0,73,59.64226150512695
713,Conference,9.449999809265137,2024-12-01 21:15:10,436,408.0,74,59.63857650756836
106,Live Band,3.140000104904175,2024-11-30 12:00:10,849,65.0,75,59.63042449951172
651,Gallery Opening,13.510000228881836,2024-11-23 18:15:10,1117,20.0,76,59.62257766723633
54,Tournament,3.140000104904175,2025-01-06 22:00:10,527,31.0,77,59.616580963134766
391,Exhibition,30.18000030517578,2024-11-19 08:15:10,508,35.0,78,59.61530303955078
86,Training Session,5.699999809265137,2024-11-23 23:30:10,1119,39.0,79,59.612369537353516
205,Live Band,18.56999969482422,2024-11-26 09:15:10,635,68.0,80,59.61132049560547
755,Live Band,11.210000038146973,2024-11-18 17:15:10,676,80.0,81,59.609458923339844
939,Live Band,18.010000228881836,2024-11-26 15:00:10,911,83.0,82,59.60905456542969
689,Fundraiser,8.359999656677246,2024-12-26 17:45:10,306,24.0,83,59.605873107910156
902,Festival,12.119999885559082,2024-11-23 23:15:10,178,18.0,84,59.60098648071289
698,Festival,17.829999923706055,2024-11-30 11:00:10,444,36.0,85,59.58675003051758
923,Orchestra,18.079999923706055,2024-11-23 22:15:10,1177,125.0,86,59.58331298828125
555,Concert,70.48999786376953,2024-11-27 19:15:10,1502,127.0,87,59.58320617675781
745,Conference,3.619999885559082,2024-11-23 12:00:10,453,719.0,88,59.58210754394531
636,Gallery Opening,10.40999984741211,2024-11-25 13:15:10,230,17.0,89,59.575523376464844
770,Local Event,8.420000076293945,2024-11-26 23:30:10,153,3.0,90,59.57422637939453
182,Theater,7.429999828338623,2024-11-29 22:15:10,335,69.0,91,59.572208404541016
843,Live Band,4.940000057220459,2024-11-18 13:15:10,742,18.0,92,59.571327209472656
317,Workshop,19.399999618530273,2024-11-19 22:45:10,161,138.0,93,59.56968688964844
400,Festival,15.09000015258789,2024-11-24 22:00:10,1283,161.0,94,59.568931579589844
88,Concert,10.449999809265137,2024-11-23 16:00:10,711,47.0,95,59.5672492980957
861,Theater,11.239999771118164,2024-11-19 22:00:10,639,112.0,96,59.56635665893555
910,Museum,14.869999885559082,2024-11-27 22:30:10,365,43.0,97,59.563751220703125
977,Live Band,5.429999828338623,2024-11-20 20:45:10,783,54.0,98,59.5621452331543
757,Meeting,21.40999984741211,2024-11-30 15:15:10,388,29.0,99,59.5605583190918
43,Networking,0.10999999940395355,2024-11-29 11:00:10,134,86.0,100,59.559837341308594
585,Tournament,4.789999961853027,2024-11-29 09:45:10,473,97.0,101,59.55897521972656
921,Performance,12.170000076293945,2024-11-29 14:30:10,270,106.0,102,59.556304931640625
127,Market,17.440000534057617,2024-11-22 19:45:10,253,15.0,103,59.55564498901367
502,Workshop,13.739999771118164,2024-11-24 19:00:10,251,156.0,104,59.553871154785156
976,Conference,6.239999771118164,2024-11-30 12:00:10,570,700.0,105,59.553409576416016
388,Local Event,14.539999961853027,2024-11-23 22:45:10,317,16.0,106,59.54965591430664
266,Gallery Opening,2.759999990463257,2024-11-30 09:45:10,672,8.0,107,59.54892349243164
224,Marathon,2.7899999618530273,2024-11-29 17:00:10,679,82.0,108,59.54844284057617
694,Tournament,71.73999786376953,2024-11-28 14:30:10,1196,113.0,109,59.547271728515625
537,Exhibition,6.110000133514404,2024-11-24 23:30:10,612,49.0,110,59.54600524902344
412,Theater,0.6100000143051147,2024-12-01 20:45:10,588,68.0,111,59.545745849609375
136,Exhibition,12.880000114440918,2024-12-15 18:15:10,848,40.0,112,59.54553985595703
192,Networking,9.670000076293945,2024-11-21 22:45:10,239,78.0,113,59.54460906982422
715,Festival,5.519999980926514,2024-11-20 17:30:10,448,174.0,114,59.542572021484375
69,Museum,12.84000015258789,2024-11-23 14:15:10,357,47.0,115,59.538455963134766
268,Fundraiser,79.75,2024-11-25 18:45:10,621,47.0,116,59.53679275512695
306,Festival,13.949999809265137,2024-11-18 18:00:10,1172,180.0,117,59.533817291259766
820,Exhibition,14.579999923706055,2024-11-26 16:00:10,350,19.0,118,59.53346252441406
854,Gallery Opening,70.16000366210938,2024-11-23 21:00:10,910,27.0,119,59.53044128417969
326,DJ Set,16.729999542236328,2024-11-22 12:45:10,893,65.0,120,59.528926849365234
969,Tournament,0.029999999329447746,2024-12-30 12:30:10,373,83.0,121,59.52630615234375
681,Performance,12.960000038146973,2024-11-19 19:45:10,570,103.0,122,59.525760650634766
219,Fundraiser,8.569999694824219,2024-11-27 08:15:10,227,85.0,123,59.517059326171875
954,Amateur Match,18.149999618530273,2024-11-22 13:15:10,579,18.0,124,59.51535415649414
305,DJ Set,4.21999979019165,2024-11-27 23:00:10,695,56.0,125,59.51465606689453
203,Networking,5.769999980926514,2024-11-21 16:00:10,390,18.0,126,59.51198959350586
154,Local Event,5.710000038146973,2024-11-27 12:45:10,193,20.0,127,59.51161193847656
629,Amateur Match,16.3799991607666,2024-11-19 12:15:10,767,39.0,128,59.50970458984375
347,Gallery Opening,6.329999923706055,2024-11-29 20:00:10,696,0.0,129,59.50925064086914
815,Festival,17.389999389648438,2024-12-21 09:45:10,267,39.0,130,59.50904083251953
30,Training,6.639999866485596,2024-11-26 09:00:10,392,121.0,131,59.50901412963867
457,Professional Game,7.760000228881836,2024-11-18 22:30:10,478,227.0,132,59.508087158203125
782,Museum,12.720000267028809,2024-11-23 12:15:10,693,29.0,133,59.508033752441406
751,Festival,2.819999933242798,2024-11-25 16:15:10,357,265.0,134,59.5073356628418
808,Tournament,3.700000047683716,2024-11-20 12:45:10,601,82.0,135,59.50627517700195
530,Concert,13.8100004196167,2024-11-22 12:45:10,878,170.0,136,59.50602340698242
882,Tournament,4.260000228881836,2024-11-23 21:30:10,2363,130.0,137,59.50413131713867
265,Performance,6.690000057220459,2024-12-12 20:30:10,305,45.0,138,59.503028869628906
802,Professional Game,0.05000000074505806,2024-11-26 20:45:10,802,67.0,139,59.502655029296875
814,Meeting,18.639999389648438,2024-11-23 21:30:10,220,24.0,140,59.50150680541992
949,Live Band,41.59000015258789,2024-11-19 14:30:10,526,94.0,141,59.50102615356445
809,Concert,18.229999542236328,2024-11-21 17:45:10,876,142.0,142,59.50016784667969
120,Amateur Match,15.729999542236328,2024-11-23 19:00:10,555,17.0,143,59.49333190917969
903,Market,2.5,2024-11-28 20:30:10,344,3.0,144,59.49326705932617
599,DJ Set,18.43000030517578,2024-12-30 10:45:10,715,56.0,145,59.49087142944336
210,Concert,3.4100000858306885,2025-01-05 14:30:10,1323,30.0,146,59.49066162109375
632,Live Band,4.110000133514404,2024-12-01 15:00:10,799,31.0,147,59.488582611083984
707,Conference,46.959999084472656,2024-11-21 20:00:10,104,526.0,148,59.48772430419922
267,Workshop,18.979999542236328,2024-11-20 17:45:10,124,234.0,149,59.48763656616211
251,Live Band,5.420000076293945,2024-11-21 12:15:10,612,47.0,150,59.487186431884766
834,Meeting,19.56999969482422,2024-11-20 17:30:10,366,24.0,151,59.48692321777344
310,Orchestra,2.450000047683716,2024-11-28 08:15:10,846,214.0,152,59.48652648925781
691,Festival,8.0600004196167,2024-11-19 21:15:10,1011,158.0,153,59.4860725402832
826,Orchestra,1.3799999952316284,2024-12-06 19:15:10,531,229.0,154,59.48330307006836
657,Festival,91.25,2024-11-19 11:00:10,185,13.0,155,59.48240661621094
259,Live Band,1.8700000047683716,2024-11-30 11:45:10,916,59.0,156,59.4800910949707
188,Tournament,19.6200008392334,2024-11-27 12:00:10,712,125.0,157,59.480064392089844
492,Exhibition,9.289999961853027,2025-01-16 17:30:10,331,2.0,158,59.47886657714844
123,Museum,10.0600004196167,2024-11-23 14:15:10,712,44.0,159,59.47800064086914
568,Orchestra,13.1899995803833,2024-12-01 19:00:10,1195,192.0,160,59.476802825927734
700,Marathon,50.77000045776367,2024-11-23 20:30:10,867,86.0,161,59.47614669799805
52,Training,4.019999980926514,2024-12-14 09:15:10,462,234.0,162,59.475704193115234
372,Amateur Match,9.529999732971191,2024-11-26 22:30:10,466,11.0,163,59.47566223144531
75,Professional Game,8.720000267028809,2024-11-20 11:30:10,632,191.0,164,59.47386169433594
335,Concert,1.3600000143051147,2024-11-30 17:00:10,1092,97.0,165,59.47380447387695
873,Conference,18.260000228881836,2024-11-19 17:15:10,387,644.0,166,59.47257614135742
110,Festival,8.050000190734863,2024-11-26 14:00:10,991,151.0,167,59.472408294677734
480,Concert,0.550000011920929,2024-11-27 21:45:10,986,187.0,168,59.47126770019531
841,Meeting,16.450000762939453,2024-11-19 20:30:10,379,16.0,169,59.47057342529297
985,Theater,3.2100000381469727,2024-11-28 22:45:10,538,138.0,170,59.46979522705078
797,Market,14.920000076293945,2024-11-29 11:30:10,238,6.0,171,59.469451904296875
150,Festival,18.940000534057617,2024-12-05 12:45:10,938,122.0,172,59.46836471557617
737,Local Event,7.489999771118164,2024-12-11 22:45:10,288,21.0,173,59.468345642089844
320,Orchestra,5.059999942779541,2024-11-25 16:45:10,905,77.0,174,59.46705627441406
613,Fundraiser,12.119999885559082,2024-11-22 18:00:10,426,57.0,175,59.46698760986328
547,Theater,5.320000171661377,2024-11-26 22:30:10,210,88.0,176,59.46638107299805
608,Seminar,1.6699999570846558,2024-11-20 17:15:10,257,42.0,177,59.46635818481445
361,Networking,11.970000267028809,2024-11-30 22:00:10,643,62.0,178,59.46631622314453
202,Training,9.180000305175781,2024-11-24 15:00:10,142,339.0,179,59.46247863769531
207,Workshop,9.739999771118164,2024-12-04 21:15:10,348,186.0,180,59.461124420166016
435,DJ Set,69.2300033569336,2024-11-20 21:00:10,720,76.0,181,59.4596061706543
157,Theater,10.739999771118164,2024-12-09 13:00:10,152,107.0,182,59.4580192565918
925,Fundraiser,5.650000095367432,2024-12-08 20:30:10,417,94.0,183,59.457923889160156
33,Training Session,19.0,2024-12-01 17:30:10,998,65.0,184,59.45726776123047
678,Theater,2.5799999237060547,2024-12-01 08:45:10,804,38.0,185,59.457061767578125
162,Training,12.9399995803833,2024-11-22 21:00:10,458,286.0,186,59.45628356933594
462,Performance,12.4399995803833,2024-11-24 11:30:10,550,44.0,187,59.4539680480957
161,Workshop,18.209999084472656,2024-11-18 18:45:10,707,279.0,188,59.45386505126953
383,Performance,10.010000228881836,2024-11-28 21:00:10,244,60.0,189,59.45341873168945
419,Gallery Opening,12.880000114440918,2024-12-26 20:45:10,209,9.0,190,59.45308303833008
911,Museum,12.319999694824219,2024-11-19 18:15:10,1268,17.0,191,59.450130462646484
292,Tournament,17.670000076293945,2024-11-24 10:45:10,1332,139.0,192,59.449913024902344
215,Tournament,2.75,2024-11-28 14:45:10,512,144.0,193,59.44497299194336
158,Exhibition,97.97000122070312,2024-12-30 22:15:10,475,29.0,194,59.444419860839844
133,Conference,10.039999961853027,2024-11-28 20:45:10,418,916.0,195,59.44066619873047
660,Exhibition,19.049999237060547,2024-11-20 20:45:10,492,12.0,196,59.44046401977539
366,Tournament,8.039999961853027,2024-11-18 22:45:10,621,44.0,197,59.439918518066406
661,Workshop,16.219999313354492,2024-11-18 17:30:10,247,116.0,198,59.439632415771484
520,Museum,16.329999923706055,2024-11-18 19:45:10,778,40.0,199,59.4395637512207
80,Networking,10.4399995803833,2024-11-22 20:30:10,208,37.0,200,59.43760681152344
894,Festival,3.069999933242798,2024-11-22 19:30:10,150,36.0,201,59.43653106689453
517,Orchestra,67.95999908447266,2024-12-09 12:45:10,581,129.0,202,59.4344367980957
425,Seminar,15.949999809265137,2024-12-14 17:45:10,165,46.0,203,59.43418502807617
40,Festival,10.130000114440918,2024-11-27 08:30:10,274,34.0,204,59.43415832519531
610,Conference,8.289999961853027,2024-11-20 21:45:10,159,116.0,205,59.43400192260742
422,Gallery Opening,8.710000038146973,2024-11-23 23:00:10,679,12.0,206,59.4333381652832
389,Training Session,2.369999885559082,2024-11-19 10:45:10,290,26.0,207,59.43332290649414
616,Theater,16.18000030517578,2024-11-29 09:15:10,157,78.0,208,59.432899475097656
185,Exhibition,2.1600000858306885,2024-11-30 22:45:10,366,27.0,209,59.429962158203125
956,Exhibition,79.22000122070312,2025-01-04 11:00:10,498,27.0,210,59.42812728881836
353,Exhibition,2.3399999141693115,2024-11-19 12:00:10,147,14.0,211,59.42737579345703
867,Live Band,9.630000114440918,2024-11-26 15:15:10,385,73.0,212,59.427162170410156
730,Meeting,45.90999984741211,2024-11-21 22:30:10,328,9.0,213,59.42660140991211
959,Festival,6.360000133514404,2024-12-01 18:00:10,1610,229.0,214,59.42644500732422
615,Workshop,11.479999542236328,2024-11-30 22:00:10,760,197.0,215,59.42625045776367
683,Local Event,79.9000015258789,2024-11-18 13:45:10,201,8.0,216,59.42570495605469
999,Meeting,11.670000076293945,2025-01-07 16:30:10,276,4.0,217,59.425296783447266
409,Orchestra,1.7999999523162842,2025-01-15 16:45:10,782,226.0,218,59.42500686645508
398,Concert,5.139999866485596,2024-11-24 21:30:10,1095,39.0,219,59.42390060424805
763,Theater,8.34000015258789,2024-11-30 12:00:10,523,61.0,220,59.4227294921875
428,Festival,18.079999923706055,2024-11-28 15:30:10,192,18.0,221,59.422088623046875
604,Conference,12.470000267028809,2024-11-19 23:30:10,331,508.0,222,59.42195510864258
498,Marathon,18.610000610351562,2024-11-20 23:15:10,270,67.0,223,59.42045974731445
315,Meeting,3.569999933242798,2024-11-19 22:15:10,205,22.0,224,59.4200325012207
996,Training,51.720001220703125,2024-11-30 20:15:10,347,361.0,225,59.418949127197266
663,Training Session,9.5600004196167,2024-11-25 15:45:10,584,42.0,226,59.41802215576172
438,Festival,8.220000267028809,2024-11-25 17:30:10,1098,149.0,227,59.41755676269531
883,Theater,10.649999618530273,2024-12-25 16:45:10,147,42.0,228,59.41692352294922
4,Live Band,17.010000228881836,2024-12-13 13:00:10,871,67.0,229,59.416160583496094
352,Local Event,63.599998474121094,2024-11-29 08:15:10,164,1.0,230,59.41443634033203
164,Conference,6.25,2024-11-25 21:45:10,327,459.0,231,59.41436767578125
294,Festival,17.530000686645508,2024-11-21 19:00:10,448,105.0,232,59.414100646972656
358,Fundraiser,74.54000091552734,2024-12-19 18:45:10,379,26.0,233,59.414066314697266
991,Training,9.739999771118164,2024-11-25 09:15:10,470,185.0,234,59.41154098510742
91,Seminar,9.199999809265137,2024-12-01 14:30:10,562,33.0,235,59.410823822021484
865,Meeting,0.6100000143051147,2024-11-30 22:30:10,171,21.0,236,59.409423828125
126,Concert,17.959999084472656,2024-11-18 11:45:10,708,172.0,237,59.40718078613281
581,Amateur Match,12.470000267028809,2024-11-21 14:15:10,682,27.0,238,59.40714645385742
151,Festival,9.960000038146973,2024-11-21 16:45:10,377,270.0,239,59.40679168701172
579,Workshop,15.489999771118164,2024-11-23 15:00:10,282,251.0,240,59.4055290222168
152,Gallery Opening,4.690000057220459,2024-11-25 14:45:10,233,19.0,241,59.40505599975586
920,Local Event,1.6699999570846558,2024-11-20 18:45:10,331,8.0,242,59.40449523925781
299,Professional Game,18.84000015258789,2024-11-23 19:00:10,1115,142.0,243,59.404258728027344
627,Professional Game,16.649999618530273,2024-11-27 20:30:10,315,98.0,244,59.40403366088867
830,Fundraiser,5.380000114440918,2024-12-12 12:15:10,122,79.0,245,59.40377426147461
370,Festival,19.690000534057617,2025-01-16 15:45:10,91,30.0,246,59.402488708496094
39,Market,3.549999952316284,2024-11-28 21:15:10,262,2.0,247,59.40234375
941,Exhibition,12.4399995803833,2024-11-20 18:30:10,529,3.0,248,59.40229034423828
496,Conference,3.940000057220459,2024-11-26 16:30:10,161,215.0,249,59.40227508544922
178,Meeting,5.349999904632568,2025-01-13 22:30:10,357,25.0,250,59.399959564208984
850,Theater,23.75,2024-11-22 22:15:10,423,58.0,251,59.39988327026367
666,Tournament,12.5,2024-11-30 09:00:10,1134,106.0,252,59.399715423583984
243,Concert,13.899999618530273,2024-11-29 08:30:10,985,79.0,253,59.39733123779297
298,Market,15.010000228881836,2024-11-26 18:45:10,304,15.0,254,59.397132873535156
446,Seminar,5.75,2024-11-27 17:45:10,124,49.0,255,59.396907806396484
105,Exhibition,6.0,2024-11-19 18:45:10,1370,47.0,256,59.3966064453125
849,Theater,15.430000305175781,2024-11-29 22:30:10,362,139.0,257,59.39657974243164
316,Networking,5.599999904632568,2024-12-05 21:45:10,432,47.0,258,59.3956413269043
553,Museum,8.569999694824219,2024-12-01 15:15:10,151,39.0,259,59.395572662353516
201,Local Event,68.4800033569336,2024-11-26 17:45:10,200,36.0,260,59.395355224609375
535,Performance,4.210000038146973,2024-11-28 17:30:10,1042,48.0,261,59.39371109008789
868,Training Session,5.110000133514404,2024-12-27 18:00:10,570,50.0,262,59.393524169921875
223,Marathon,2.190000057220459,2024-11-20 22:00:10,885,46.0,263,59.39295959472656
416,Conference,7.079999923706055,2024-11-19 18:15:10,332,601.0,264,59.392738342285156
881,Market,7.079999923706055,2024-11-22 12:00:10,295,10.0,265,59.3910026550293
196,Orchestra,12.920000076293945,2024-12-07 20:45:10,1491,109.0,266,59.38995361328125
487,Market,14.380000114440918,2024-12-01 16:30:10,400,13.0,267,59.389625549316406
385,Training,16.469999313354492,2024-11-28 09:30:10,383,146.0,268,59.38887405395508
263,Orchestra,12.130000114440918,2024-12-13 18:45:10,525,195.0,269,59.38883972167969
83,Amateur Match,15.470000267028809,2024-11-29 21:15:10,403,29.0,270,59.38851547241211
768,Theater,86.0,2024-12-13 09:45:10,494,55.0,271,59.38798522949219
252,Theater,0.6800000071525574,2024-11-19 09:30:10,543,130.0,272,59.385841369628906
692,Concert,9.149999618530273,2024-12-02 15:45:10,1176,59.0,273,59.385650634765625
838,Museum,2.630000114440918,2024-11-23 16:15:10,831,13.0,274,59.38507843017578
792,Training,16.709999084472656,2024-11-28 17:00:10,510,258.0,275,59.38493728637695
672,Fundraiser,15.010000228881836,2024-12-12 11:45:10,94,14.0,276,59.38243103027344
957,Exhibition,7.130000114440918,2024-11-18 19:45:10,600,34.0,277,59.38218307495117
871,Market,4.809999942779541,2024-12-05 08:30:10,181,8.0,278,59.38157272338867
933,DJ Set,2.619999885559082,2024-12-01 10:45:10,933,56.0,279,59.38148880004883
464,Festival,16.979999542236328,2024-11-19 18:15:10,587,235.0,280,59.38032531738281
483,Local Event,17.049999237060547,2025-01-04 22:30:10,417,29.0,281,59.37964630126953
381,Tournament,10.9399995803833,2024-11-21 21:30:10,847,90.0,282,59.37896728515625
238,Networking,0.38999998569488525,2024-11-25 17:30:10,223,70.0,283,59.378421783447266
642,Festival,17.010000228881836,2024-11-27 23:00:10,97,6.0,284,59.377784729003906
853,Theater,10.479999542236328,2024-11-22 19:30:10,516,105.0,285,59.37763595581055
413,Orchestra,77.2300033569336,2024-11-26 09:30:10,823,124.0,286,59.37751007080078
905,Seminar,32.029998779296875,2024-11-27 23:15:10,366,127.0,287,59.376441955566406
778,Amateur Match,17.700000762939453,2024-11-20 17:45:10,921,38.0,288,59.37619400024414
686,Amateur Match,14.380000114440918,2024-11-25 22:30:10,577,13.0,289,59.37598419189453
722,Performance,7.25,2024-11-29 12:15:10,363,54.0,290,59.3751220703125
379,Fundraiser,6.110000133514404,2024-11-28 22:15:10,374,19.0,291,59.3745231628418
993,Concert,22.65999984741211,2024-12-10 13:15:10,319,192.0,292,59.37228775024414
247,Conference,17.309999465942383,2024-12-01 15:30:10,276,218.0,293,59.36966323852539
239,Marathon,6.340000152587891,2024-11-22 19:00:10,600,40.0,294,59.36925506591797
336,Fundraiser,15.510000228881836,2024-11-23 12:00:10,118,79.0,295,59.3690071105957
524,Local Event,9.359999656677246,2024-11-24 23:45:10,741,11.0,296,59.36711883544922
740,Training,2.309999942779541,2024-11-25 21:15:10,427,187.0,297,59.36683654785156
405,Exhibition,8.010000228881836,2024-11-24 17:30:10,352,13.0,298,59.36586380004883
556,Gallery Opening,54.56999969482422,2024-11-27 12:30:10,758,11.0,299,59.36394500732422
527,Amateur Match,11.039999961853027,2024-12-03 15:45:10,602,49.0,300,59.36286544799805
168,Performance,18.299999237060547,2024-11-25 21:15:10,254,95.0,301,59.36171340942383
618,Exhibition,91.45999908447266,2024-11-25 22:15:10,340,35.0,302,59.361534118652344
410,Workshop,11.020000457763672,2024-12-31 22:30:10,432,93.0,303,59.361087799072266
357,Meeting,18.010000228881836,2024-12-08 20:30:10,458,20.0,304,59.35958480834961
499,Live Band,4.480000019073486,2024-12-02 11:15:10,856,36.0,305,59.35881042480469
302,Local Event,16.889999389648438,2024-11-29 15:15:10,121,23.0,306,59.35847854614258
785,Professional Game,12.140000343322754,2024-11-19 08:30:10,364,114.0,307,59.35722351074219
470,Market,5.090000152587891,2024-11-25 13:30:10,398,19.0,308,59.356319427490234
818,Networking,4.409999847412109,2024-11-18 12:45:10,350,24.0,309,59.353919982910156
732,Professional Game,4.53000020980835,2024-11-23 15:45:10,606,280.0,310,59.35200119018555
856,Seminar,12.010000228881836,2024-11-18 11:15:10,79,167.0,311,59.35125732421875
567,Market,0.6299999952316284,2024-11-28 21:00:10,291,15.0,312,59.35105895996094
972,Festival,22.6299991607666,2024-11-19 22:30:10,92,19.0,313,59.350608825683594
308,Professional Game,1.6399999856948853,2024-11-20 15:15:10,485,126.0,314,59.35027313232422
365,Festival,9.899999618530273,2024-11-30 17:00:10,380,14.0,315,59.34983444213867
501,Networking,6.159999847412109,2024-11-23 22:15:10,306,30.0,316,59.34926223754883
187,Marathon,0.23999999463558197,2024-11-22 17:45:10,839,84.0,317,59.34859848022461
180,Professional Game,3.569999933242798,2024-11-18 14:30:10,457,251.0,318,59.347999572753906
521,Networking,18.31999969482422,2024-11-18 18:30:10,228,92.0,319,59.34735870361328
679,Seminar,16.3700008392334,2024-11-20 22:00:10,156,183.0,320,59.34709548950195
576,DJ Set,7.449999809265137,2024-12-17 22:15:10,725,48.0,321,59.34699249267578
574,Orchestra,7.059999942779541,2024-11-19 21:30:10,930,237.0,322,59.3452262878418
611,Seminar,8.130000114440918,2024-11-21 21:15:10,452,180.0,323,59.34501266479492
518,Fundraiser,6.400000095367432,2024-11-18 13:45:10,122,38.0,324,59.34471893310547
115,Marathon,1.0099999904632568,2024-11-26 19:45:10,930,76.0,325,59.34364700317383
476,Concert,12.300000190734863,2024-11-29 20:30:10,577,147.0,326,59.33979797363281
922,Theater,15.449999809265137,2024-12-21 17:15:10,403,40.0,327,59.33934783935547
607,Orchestra,12.75,2024-11-28 15:15:10,915,219.0,328,59.3393440246582
441,Market,8.260000228881836,2024-11-21 20:30:10,370,12.0,329,59.33803939819336
77,Museum,2.930000066757202,2024-11-24 16:15:10,204,36.0,330,59.337284088134766
979,DJ Set,15.279999732971191,2024-11-22 23:00:10,955,71.0,331,59.33722686767578
953,Performance,2.799999952316284,2024-12-01 10:45:10,687,61.0,332,59.335514068603516
278,Training,8.9399995803833,2024-11-24 20:00:10,739,134.0,333,59.33509063720703
147,Festival,13.359999656677246,2024-11-18 17:45:10,109,22.0,334,59.334617614746094
652,Performance,9.170000076293945,2024-11-23 16:00:10,597,91.0,335,59.33460998535156
884,DJ Set,3.059999942779541,2024-11-30 12:45:10,966,78.0,336,59.33454513549805
728,Tournament,69.29000091552734,2024-11-23 13:45:10,946,32.0,337,59.33442687988281
938,Orchestra,57.72999954223633,2024-11-19 21:45:10,916,85.0,338,59.333839416503906
504,Fundraiser,4.46999979019165,2024-11-25 12:30:10,217,18.0,339,59.333744049072266
606,Live Band,11.670000076293945,2024-12-01 12:00:10,1228,49.0,340,59.33348083496094
682,Performance,97.68000030517578,2024-12-14 17:15:10,1150,71.0,341,59.3330192565918
155,Festival,12.430000305175781,2024-11-19 21:30:10,373,38.0,342,59.33293914794922
777,Concert,9.029999732971191,2024-11-23 19:15:10,1468,146.0,343,59.332794189453125
71,Festival,2.390000104904175,2024-11-22 17:15:10,128,36.0,344,59.33278274536133
66,Conference,7.28000020980835,2024-11-21 19:45:10,530,381.0,345,59.332733154296875
148,Local Event,18.440000534057617,2024-11-18 17:45:10,231,11.0,346,59.332489013671875
974,Gallery Opening,10.0,2024-11-30 20:45:10,366,2.0,347,59.33161926269531
767,Training,16.670000076293945,2024-12-01 17:30:10,1064,298.0,348,59.33149719238281
588,Tournament,6.170000076293945,2024-11-18 22:30:10,765,95.0,349,59.33115768432617
743,Performance,9.0,2024-11-29 18:15:10,579,56.0,350,59.330650329589844
230,Orchestra,11.710000038146973,2024-11-27 22:00:10,1612,203.0,351,59.330322265625
739,Concert,2.430000066757202,2024-11-27 14:00:10,615,160.0,352,59.329769134521484
436,Festival,15.729999542236328,2024-11-30 17:15:10,372,44.0,353,59.32923126220703
451,Market,4.820000171661377,2024-12-16 12:00:10,498,9.0,354,59.329124450683594
79,Marathon,3.9200000762939453,2024-11-24 23:00:10,340,90.0,355,59.327823638916016
771,Training Session,2.299999952316284,2024-11-23 22:15:10,1304,65.0,356,59.326194763183594
702,Marathon,90.12000274658203,2024-11-21 20:30:10,266,72.0,357,59.326171875
578,Market,17.690000534057617,2024-11-28 17:45:10,248,7.0,358,59.32551574707031
90,Gallery Opening,10.779999732971191,2024-11-30 09:45:10,175,7.0,359,59.325096130371094
750,Professional Game,19.3700008392334,2024-11-27 18:30:10,423,161.0,360,59.32454299926758
312,Gallery Opening,5.460000038146973,2024-11-29 12:00:10,501,12.0,361,59.32420349121094
583,Museum,15.210000038146973,2024-11-19 15:45:10,335,15.0,362,59.32355499267578
128,Performance,9.130000114440918,2024-11-24 09:00:10,679,66.0,363,59.32292938232422
983,DJ Set,18.559999465942383,2024-11-20 14:30:10,885,55.0,364,59.3228759765625
472,Market,3.0999999046325684,2024-11-19 22:15:10,296,4.0,365,59.32225036621094
493,Concert,0.8199999928474426,2024-11-18 22:30:10,406,195.0,366,59.320396423339844
982,Live Band,13.6899995803833,2024-11-29 14:15:10,746,28.0,367,59.31999588012695
670,Training,17.389999389648438,2024-11-27 09:15:10,396,241.0,368,59.31962966918945
869,Fundraiser,10.399999618530273,2024-11-27 17:45:10,78,44.0,369,59.319454193115234
55,Festival,18.75,2024-12-15 19:30:10,477,20.0,370,59.31914138793945
511,Marathon,75.95999908447266,2024-11-30 14:15:10,1653,66.0,371,59.31821823120117
503,DJ Set,0.6800000071525574,2024-11-25 18:00:10,666,21.0,372,59.31623840332031
482,Conference,8.670000076293945,2024-11-27 12:00:10,548,264.0,373,59.31608581542969
526,DJ Set,6.690000057220459,2024-12-01 21:30:10,678,27.0,374,59.315895080566406
387,DJ Set,16.829999923706055,2024-11-23 09:00:10,1095,51.0,375,59.31588363647461
119,Gallery Opening,15.09000015258789,2024-11-30 13:00:10,381,13.0,376,59.31586837768555
104,Performance,12.8100004196167,2024-11-30 22:30:10,813,85.0,377,59.315589904785156
855,Tournament,12.979999542236328,2024-11-27 13:45:10,561,96.0,378,59.31476974487305
930,Gallery Opening,6.389999866485596,2024-11-29 12:30:10,219,29.0,379,59.31418991088867
596,Conference,9.220000267028809,2024-11-29 15:45:10,122,806.0,380,59.3137321472168
761,Concert,16.3700008392334,2024-11-18 22:15:10,1042,114.0,381,59.31187438964844
828,Festival,17.8799991607666,2024-11-19 17:45:10,1209,122.0,382,59.31145477294922
434,DJ Set,18.600000381469727,2024-11-24 22:30:10,1858,29.0,383,59.31062316894531
471,Theater,14.180000305175781,2024-11-18 21:45:10,555,144.0,384,59.30952072143555
429,Training Session,7.75,2024-11-29 23:15:10,410,54.0,385,59.30842971801758
965,Performance,0.44999998807907104,2024-12-02 08:30:10,561,106.0,386,59.30751419067383
94,Workshop,0.8799999952316284,2024-11-21 12:45:10,86,221.0,387,59.30750274658203
349,Local Event,16.40999984741211,2024-11-29 13:00:10,114,27.0,388,59.3072624206543
322,Local Event,5.230000019073486,2024-11-25 20:15:10,270,12.0,389,59.30711364746094
479,Networking,1.2400000095367432,2024-11-23 22:00:10,544,84.0,390,59.30653381347656
704,Local Event,1.4199999570846558,2024-12-09 22:00:10,182,24.0,391,59.306522369384766
208,Theater,7.730000019073486,2024-11-23 14:30:10,822,108.0,392,59.30421829223633
716,Conference,3.759999990463257,2024-11-21 16:45:10,151,818.0,393,59.303951263427734
285,Tournament,7.920000076293945,2024-11-22 12:15:10,517,89.0,394,59.30356979370117
667,Training Session,10.630000114440918,2024-11-26 22:30:10,949,42.0,395,59.30345153808594
62,Workshop,2.9700000286102295,2024-12-15 22:15:10,688,179.0,396,59.30335235595703
766,Performance,15.510000228881836,2024-11-18 13:00:10,1116,109.0,397,59.3029670715332
874,Local Event,11.380000114440918,2024-11-22 13:30:10,219,30.0,398,59.30271911621094
573,Concert,8.25,2024-11-29 12:00:10,685,92.0,399,59.30231857299805
878,Professional Game,19.979999542236328,2024-12-27 09:45:10,307,199.0,400,59.301002502441406
431,Theater,12.920000076293945,2024-11-25 20:45:10,319,149.0,401,59.29948806762695
519,DJ Set,9.789999961853027,2024-11-23 13:30:10,751,75.0,402,59.29902267456055
16,Networking,16.649999618530273,2024-11-27 10:15:10,171,47.0,403,59.29539489746094
58,Workshop,12.9399995803833,2024-12-08 14:15:10,597,212.0,404,59.29367446899414
819,DJ Set,15.25,2024-11-23 13:45:10,2982,39.0,405,59.293582916259766
439,Amateur Match,4.71999979019165,2024-11-28 14:15:10,285,44.0,406,59.292354583740234
264,Conference,12.039999961853027,2024-11-24 17:30:10,156,553.0,407,59.292144775390625
886,Seminar,19.110000610351562,2024-11-21 17:00:10,364,87.0,408,59.2918586730957
787,Market,3.940000057220459,2024-11-24 19:30:10,551,14.0,409,59.291778564453125
458,Performance,0.6800000071525574,2024-12-11 19:15:10,750,115.0,410,59.290618896484375
14,Fundraiser,18.84000015258789,2024-11-18 20:30:10,140,92.0,411,59.2886962890625
863,Theater,14.649999618530273,2024-11-23 20:30:10,294,91.0,412,59.2885856628418
12,Networking,7.28000020980835,2024-11-21 15:45:10,345,41.0,413,59.287925720214844
107,Market,19.739999771118164,2024-11-18 12:30:10,72,2.0,414,59.28767395019531
65,Live Band,3.75,2024-11-27 17:15:10,644,61.0,415,59.28764343261719
145,Concert,72.9000015258789,2024-11-21 19:00:10,1752,152.0,416,59.28729248046875
307,DJ Set,10.84000015258789,2024-11-18 23:30:10,521,29.0,417,59.286781311035156
744,Festival,2.819999933242798,2024-11-23 17:45:10,1277,199.0,418,59.28607177734375
775,Museum,9.800000190734863,2024-12-02 20:00:10,395,43.0,419,59.28600311279297
340,Festival,2.2300000190734863,2024-11-19 15:00:10,74,21.0,420,59.28566360473633
37,Concert,0.10000000149011612,2024-11-23 17:45:10,980,55.0,421,59.2855110168457
494,Festival,7.400000095367432,2024-12-27 16:15:10,497,272.0,422,59.285282135009766
509,Conference,11.25,2024-11-26 13:30:10,100,602.0,423,59.2849235534668
427,Workshop,18.559999465942383,2024-11-19 12:45:10,308,84.0,424,59.284393310546875
122,Concert,27.020000457763672,2024-12-08 22:00:10,1768,170.0,425,59.28355026245117
102,Seminar,19.959999084472656,2024-11-26 15:45:10,384,60.0,426,59.283077239990234
443,Amateur Match,11.130000114440918,2024-11-26 18:45:10,269,13.0,427,59.28306579589844
712,Fundraiser,3.930000066757202,2024-11-20 22:15:10,227,30.0,428,59.282737731933594
21,Performance,8.180000305175781,2024-11-23 18:15:10,1755,74.0,429,59.28239822387695
303,Gallery Opening,12.960000038146973,2024-11-23 22:00:10,867,21.0,430,59.282188415527344
72,Festival,0.10999999940395355,2024-11-24 19:45:10,319,14.0,431,59.282047271728516
587,Amateur Match,6.28000020980835,2024-11-20 22:00:10,709,41.0,432,59.28189468383789
656,DJ Set,12.6899995803833,2024-11-28 09:45:10,950,26.0,433,59.28153610229492
114,Market,3.069999933242798,2024-11-24 15:45:10,468,2.0,434,59.28068542480469
214,Networking,1.649999976158142,2024-12-07 22:00:10,512,25.0,435,59.27932357788086
866,Marathon,9.630000114440918,2024-12-04 17:00:10,674,65.0,436,59.27733612060547
806,Training,12.710000038146973,2024-11-28 13:45:10,60,147.0,437,59.27731704711914
717,Training,9.670000076293945,2024-11-21 11:30:10,211,370.0,438,59.27583312988281
384,Gallery Opening,18.399999618530273,2024-12-12 23:00:10,209,12.0,439,59.274322509765625
70,Performance,10.960000038146973,2024-12-01 11:30:10,886,72.0,440,59.27327346801758
734,Concert,7.090000152587891,2024-11-24 17:30:10,1345,150.0,441,59.27305603027344
798,Amateur Match,2.109999895095825,2024-11-22 10:00:10,432,49.0,442,59.27185821533203
437,Concert,19.299999237060547,2024-11-21 19:00:10,808,52.0,443,59.27140426635742
17,Festival,14.170000076293945,2025-01-14 09:30:10,1706,231.0,444,59.27130126953125
879,Orchestra,0.6100000143051147,2024-11-22 15:00:10,765,206.0,445,59.27121353149414
590,Museum,8.779999732971191,2024-11-29 17:30:10,608,17.0,446,59.27053451538086
34,Training Session,16.290000915527344,2024-11-18 18:15:10,897,72.0,447,59.27030944824219
217,Exhibition,13.520000457763672,2024-11-18 20:00:10,585,12.0,448,59.269718170166016
22,Seminar,0.47999998927116394,2025-01-05 19:15:10,655,79.0,449,59.26785659790039
485,Networking,17.3700008392334,2024-11-19 18:45:10,192,74.0,450,59.267723083496094
167,Market,6.03000020980835,2024-11-23 13:30:10,285,8.0,451,59.26715087890625
701,Conference,4.96999979019165,2024-11-28 19:45:10,234,990.0,452,59.267112731933594
540,Orchestra,18.020000457763672,2024-12-01 19:30:10,606,87.0,453,59.26616668701172
490,Gallery Opening,4.889999866485596,2024-11-27 09:15:10,450,12.0,454,59.26606369018555
244,Live Band,6.110000133514404,2024-12-01 10:45:10,1392,29.0,455,59.26600646972656
184,Market,4.550000190734863,2024-11-18 09:00:10,267,5.0,456,59.26542282104492
45,Festival,9.800000190734863,2024-12-30 18:00:10,152,38.0,457,59.26511764526367
249,Theater,85.91999816894531,2024-11-21 15:15:10,465,143.0,458,59.26487350463867
643,Live Band,13.140000343322754,2024-11-24 09:00:10,570,97.0,459,59.262779235839844
466,Museum,13.180000305175781,2024-11-30 09:00:10,453,28.0,460,59.26216125488281
592,Gallery Opening,17.729999542236328,2024-12-01 19:45:10,770,2.0,461,59.262142181396484
918,Meeting,10.520000457763672,2024-11-29 22:45:10,258,9.0,462,59.261619567871094
876,Conference,3.8499999046325684,2024-11-18 16:00:10,632,450.0,463,59.26148986816406
598,Seminar,6.210000038146973,2024-11-22 15:00:10,282,174.0,464,59.261451721191406
240,Networking,85.55999755859375,2024-11-26 12:00:10,274,88.0,465,59.26103591918945
325,Amateur Match,14.640000343322754,2024-11-23 17:15:10,2523,41.0,466,59.26084518432617
190,Professional Game,78.63999938964844,2024-12-01 15:00:10,856,87.0,467,59.26079559326172
28,Professional Game,4.260000228881836,2024-12-25 08:30:10,631,197.0,468,59.26061248779297
497,Theater,0.7200000286102295,2024-11-24 15:30:10,340,70.0,469,59.260231018066406
729,Networking,8.039999961853027,2024-11-27 12:30:10,134,87.0,470,59.25993728637695
907,DJ Set,5.400000095367432,2024-12-01 10:15:10,798,23.0,471,59.25914764404297
93,Training Session,19.790000915527344,2024-11-19 17:15:10,704,24.0,472,59.258583068847656
987,Gallery Opening,5.329999923706055,2024-11-20 19:00:10,396,20.0,473,59.258522033691406
695,DJ Set,7.880000114440918,2024-11-21 15:30:10,1906,39.0,474,59.25711441040039
402,Theater,70.95999908447266,2024-11-29 22:15:10,737,60.0,475,59.25644302368164
175,Amateur Match,12.039999961853027,2024-11-22 19:15:10,379,35.0,476,59.256065368652344
645,Training,5.940000057220459,2024-11-25 19:00:10,226,360.0,477,59.255428314208984
898,Performance,3.859999895095825,2024-12-03 09:00:10,106,38.0,478,59.25398635864258
840,Festival,10.869999885559082,2024-11-28 10:30:10,693,223.0,479,59.25358200073242
602,Festival,15.369999885559082,2024-11-30 14:15:10,100,27.0,480,59.25352096557617
720,Training,0.14000000059604645,2024-11-22 12:00:10,163,123.0,481,59.25236129760742
640,Performance,12.489999771118164,2024-11-19 13:15:10,197,41.0,482,59.25154495239258
825,Fundraiser,1.3300000429153442,2024-11-25 23:15:10,271,79.0,483,59.251487731933594
860,Orchestra,9.0,2024-11-25 22:30:10,993,139.0,484,59.25082015991211
975,Training Session,10.789999961853027,2025-01-05 09:30:10,555,36.0,485,59.250587463378906
297,Conference,6.849999904632568,2024-11-24 11:00:10,489,538.0,486,59.2481803894043
971,Local Event,13.079999923706055,2024-11-25 19:15:10,211,37.0,487,59.247989654541016
396,DJ Set,15.300000190734863,2024-11-20 19:30:10,1246,75.0,488,59.2469596862793
97,Festival,12.739999771118164,2024-11-26 22:00:10,698,196.0,489,59.24458694458008
764,Marathon,28.3799991607666,2024-11-29 17:45:10,266,48.0,490,59.243499755859375
880,Meeting,4.03000020980835,2024-11-22 08:00:10,167,28.0,491,59.2434196472168
824,Professional Game,5.090000152587891,2024-12-10 08:15:10,298,95.0,492,59.242958068847656
339,Training Session,5.389999866485596,2024-11-29 10:15:10,790,46.0,493,59.2424201965332
948,Professional Game,19.229999542236328,2024-11-30 15:15:10,1090,52.0,494,59.2418327331543
944,Live Band,14.479999542236328,2024-11-25 09:30:10,316,19.0,495,59.24040603637695
87,Amateur Match,18.5,2024-11-25 11:00:10,394,16.0,496,59.2398567199707
551,Festival,9.220000267028809,2024-11-28 11:15:10,87,6.0,497,59.23931884765625
448,Orchestra,2.7899999618530273,2024-12-01 12:45:10,624,215.0,498,59.23914337158203
821,DJ Set,11.720000267028809,2024-12-18 18:15:10,546,43.0,499,59.239044189453125
139,Theater,13.149999618530273,2025-01-04 09:30:10,346,50.0,500,59.237510681152344
449,Performance,73.01000213623047,2024-11-24 23:30:10,261,89.0,501,59.23725128173828
78,Festival,18.889999389648438,2024-11-24 17:30:10,115,25.0,502,59.236534118652344
19,Market,19.43000030517578,2024-11-22 12:15:10,180,1.0,503,59.236270904541016
274,Professional Game,8.4399995803833,2024-12-02 17:00:10,665,256.0,504,59.236148834228516
631,Tournament,7.159999847412109,2024-11-26 16:30:10,785,68.0,505,59.2359619140625
791,Amateur Match,12.020000457763672,2024-11-19 12:45:10,226,31.0,506,59.23594665527344
84,Exhibition,9.619999885559082,2024-11-30 18:15:10,947,37.0,507,59.23536682128906
719,Concert,15.829999923706055,2024-11-20 19:30:10,672,188.0,508,59.23492431640625
386,Orchestra,10.09000015258789,2024-11-28 17:30:10,813,210.0,509,59.23442459106445
710,Seminar,7.670000076293945,2024-11-25 16:45:10,202,37.0,510,59.23419952392578
534,Gallery Opening,19.520000457763672,2024-11-27 22:00:10,457,16.0,511,59.23374557495117
116,Exhibition,10.140000343322754,2024-11-22 12:30:10,574,7.0,512,59.233734130859375
989,Fundraiser,4.349999904632568,2024-11-23 11:15:10,153,99.0,513,59.232505798339844
973,Marathon,12.8100004196167,2025-01-08 22:45:10,556,47.0,514,59.23225784301758
796,Fundraiser,12.699999809265137,2024-11-23 22:00:10,553,13.0,515,59.231971740722656
836,Workshop,15.640000343322754,2024-11-20 22:30:10,165,51.0,516,59.23103332519531
211,Exhibition,4.71999979019165,2024-11-29 18:30:10,586,5.0,517,59.23088836669922
676,Performance,11.180000305175781,2024-11-21 13:15:10,506,33.0,518,59.22948455810547
523,Performance,2.0199999809265137,2024-11-28 21:30:10,214,97.0,519,59.229251861572266
345,Training Session,56.13999938964844,2024-12-01 12:45:10,427,58.0,520,59.229190826416016
994,Market,32.439998626708984,2024-11-28 12:30:10,536,15.0,521,59.22909927368164
992,Fundraiser,15.390000343322754,2024-11-23 16:15:10,388,35.0,522,59.22871398925781
617,Meeting,16.579999923706055,2024-11-25 22:00:10,341,25.0,523,59.22869110107422
557,Tournament,3.640000104904175,2024-11-29 23:15:10,737,74.0,524,59.227901458740234
311,Professional Game,7.650000095367432,2024-12-02 13:00:10,624,124.0,525,59.22779083251953
697,Museum,8.930000305175781,2024-12-21 08:00:10,1677,13.0,526,59.22731018066406
234,Performance,17.530000686645508,2024-11-20 17:15:10,765,58.0,527,59.22719192504883
721,Museum,3.930000066757202,2024-11-29 22:15:10,401,26.0,528,59.22650909423828
440,Theater,19.920000076293945,2024-11-20 17:30:10,642,65.0,529,59.22650909423828
932,Live Band,1.159999966621399,2024-11-23 20:45:10,1205,17.0,530,59.22582244873047
789,Theater,15.270000457763672,2024-11-26 12:15:10,115,93.0,531,59.22573471069336
644,Fundraiser,19.739999771118164,2024-11-27 21:45:10,256,15.0,532,59.225486755371094
870,Tournament,8.920000076293945,2024-11-24 10:45:10,879,45.0,533,59.22486877441406
283,Marathon,3.009999990463257,2024-11-27 12:30:10,1334,39.0,534,59.2230339050293
280,Market,9.5,2024-11-28 22:00:10,279,1.0,535,59.22250747680664
655,Orchestra,15.670000076293945,2024-12-09 10:30:10,744,233.0,536,59.22166061401367
228,Fundraiser,78.12000274658203,2024-11-28 18:45:10,72,15.0,537,59.22068786621094
677,Meeting,15.069999694824219,2024-12-01 22:00:10,237,1.0,538,59.219398498535156
637,Orchestra,6.03000020980835,2024-11-18 21:15:10,1085,182.0,539,59.21925354003906
569,Networking,9.119999885559082,2024-11-22 11:15:10,150,71.0,540,59.21922302246094
63,Conference,9.550000190734863,2024-11-23 12:00:10,960,398.0,541,59.21870803833008
350,Seminar,17.43000030517578,2024-12-01 08:15:10,783,104.0,542,59.21717071533203
442,Training Session,19.729999542236328,2024-11-27 22:30:10,1017,77.0,543,59.21651077270508
313,Tournament,11.149999618530273,2024-11-18 15:00:10,793,90.0,544,59.216373443603516
179,Festival,14.460000038146973,2024-12-01 17:45:10,356,21.0,545,59.216068267822266
373,Museum,11.119999885559082,2024-12-01 12:00:10,264,10.0,546,59.21548843383789
67,Gallery Opening,9.649999618530273,2024-11-25 14:00:10,171,15.0,547,59.2149772644043
144,Workshop,14.5,2025-01-10 22:00:10,457,116.0,548,59.21464538574219
367,Workshop,6.010000228881836,2024-11-21 19:45:10,509,58.0,549,59.214229583740234
614,Marathon,9.220000267028809,2024-12-01 22:00:10,423,30.0,550,59.21416473388672
580,Orchestra,10.789999961853027,2024-11-19 22:15:10,986,45.0,551,59.2137451171875
901,Festival,12.109999656677246,2024-11-23 19:45:10,454,49.0,552,59.213565826416016
183,Theater,11.489999771118164,2025-01-08 18:00:10,353,118.0,553,59.21354293823242
216,Marathon,35.040000915527344,2024-11-28 08:45:10,284,85.0,554,59.21345138549805
810,Conference,1.0199999809265137,2024-11-23 17:00:10,778,367.0,555,59.212867736816406
864,Workshop,8.619999885559082,2024-11-22 14:00:10,780,208.0,556,59.212806701660156
718,Market,17.520000457763672,2024-12-01 10:00:10,444,19.0,557,59.21244430541992
174,Seminar,19.06999969482422,2024-11-27 12:00:10,388,134.0,558,59.211917877197266
323,Conference,99.0199966430664,2024-11-19 21:30:10,503,865.0,559,59.2119140625
735,Tournament,5.809999942779541,2024-12-02 18:00:10,471,99.0,560,59.211341857910156
204,Local Event,10.210000038146973,2024-11-21 08:45:10,191,6.0,561,59.211177825927734
848,Museum,10.75,2024-11-28 09:45:10,241,31.0,562,59.21072769165039
727,Amateur Match,9.829999923706055,2024-11-25 22:45:10,729,14.0,563,59.209877014160156
103,Market,10.619999885559082,2024-11-24 21:45:10,146,5.0,564,59.2097282409668
748,Seminar,2.5399999618530273,2024-11-24 16:00:10,495,54.0,565,59.209503173828125
301,Professional Game,6.210000038146973,2024-11-24 08:45:10,334,107.0,566,59.20923614501953
913,DJ Set,17.920000076293945,2024-12-16 18:45:10,952,49.0,567,59.209083557128906
31,Live Band,1.5099999904632568,2024-11-23 22:45:10,1173,48.0,568,59.20886993408203
414,Seminar,12.869999885559082,2025-01-03 10:30:10,168,198.0,569,59.2079963684082
893,Concert,3.359999895095825,2024-11-22 17:00:10,924,36.0,570,59.207515716552734
407,Gallery Opening,0.8600000143051147,2024-11-19 22:45:10,513,21.0,571,59.20705795288086
253,Training,8.640000343322754,2024-11-19 21:00:10,626,334.0,572,59.2055549621582
532,Amateur Match,5.710000038146973,2024-11-25 22:15:10,743,44.0,573,59.20537185668945
548,Marathon,18.459999084472656,2024-12-01 15:45:10,1153,79.0,574,59.20370864868164
282,Performance,18.350000381469727,2025-01-04 15:45:10,435,37.0,575,59.203495025634766
709,Market,10.380000114440918,2024-12-02 21:30:10,261,11.0,576,59.203392028808594
612,Live Band,17.670000076293945,2024-11-20 12:00:10,501,94.0,577,59.20304489135742
639,Gallery Opening,4.519999980926514,2024-12-01 10:45:10,463,13.0,578,59.20164489746094
673,Training Session,6.489999771118164,2024-11-25 23:45:10,347,59.0,579,59.201629638671875
538,Meeting,0.07999999821186066,2024-12-01 12:00:10,447,23.0,580,59.20134353637695
235,Concert,15.180000305175781,2024-11-22 22:15:10,1092,117.0,581,59.20050811767578
998,Museum,3.3399999141693115,2024-11-24 19:00:10,274,26.0,582,59.20048904418945
288,Gallery Opening,0.20000000298023224,2024-11-25 16:30:10,161,19.0,583,59.200416564941406
141,Training Session,5.190000057220459,2024-12-17 18:00:10,471,38.0,584,59.200199127197266
96,DJ Set,8.050000190734863,2024-12-01 22:00:10,1834,70.0,585,59.19966506958008
887,Market,14.510000228881836,2024-11-19 17:15:10,288,3.0,586,59.19889831542969
738,Festival,0.5199999809265137,2024-11-27 20:45:10,287,13.0,587,59.19881820678711
958,Networking,9.399999618530273,2024-12-01 21:30:10,569,19.0,588,59.198673248291016
85,Professional Game,11.460000038146973,2024-11-21 12:00:10,757,167.0,589,59.19798278808594
919,Orchestra,4.360000133514404,2024-11-27 15:15:10,1646,175.0,590,59.197200775146484
816,Live Band,18.389999389648438,2024-11-18 15:15:10,495,97.0,591,59.19716262817383
832,Workshop,19.770000457763672,2024-11-24 21:30:10,668,169.0,592,59.1961784362793
562,Local Event,3.380000114440918,2025-01-08 10:30:10,104,36.0,593,59.19527053833008
505,Museum,3.2300000190734863,2025-01-15 18:15:10,219,15.0,594,59.19514083862305
193,Amateur Match,66.27999877929688,2024-11-27 09:00:10,204,35.0,595,59.195003509521484
131,Orchestra,15.680000305175781,2024-11-19 13:45:10,625,197.0,596,59.19392395019531
424,Training,5.170000076293945,2024-12-01 22:15:10,1244,176.0,597,59.19379425048828
845,Orchestra,12.609999656677246,2024-12-27 21:00:10,998,99.0,598,59.19375228881836
125,Fundraiser,15.380000114440918,2024-11-29 08:30:10,132,49.0,599,59.19358444213867
354,Fundraiser,9.800000190734863,2024-11-29 12:15:10,89,88.0,600,59.193572998046875
44,Professional Game,8.649999618530273,2024-11-30 19:45:10,1154,213.0,601,59.19348907470703
889,Training,8.369999885559082,2024-11-19 23:45:10,305,260.0,602,59.19328308105469
935,Fundraiser,1.090000033378601,2024-11-26 19:30:10,143,43.0,603,59.19294357299805
747,Market,16.5,2025-01-08 22:45:10,176,15.0,604,59.1922721862793
584,Training Session,12.25,2024-12-08 17:00:10,2402,53.0,605,59.192230224609375
914,Workshop,8.329999923706055,2024-11-26 18:00:10,288,238.0,606,59.19148254394531
980,Tournament,14.739999771118164,2024-12-01 20:00:10,688,96.0,607,59.191429138183594
491,Networking,96.0199966430664,2024-12-01 17:00:10,321,76.0,608,59.19117736816406
271,Exhibition,9.4399995803833,2024-11-23 16:15:10,369,21.0,609,59.19049835205078
668,Tournament,98.54000091552734,2024-11-29 22:30:10,451,82.0,610,59.190284729003906
47,Orchestra,17.959999084472656,2024-11-28 14:00:10,571,70.0,611,59.18976974487305
25,Seminar,0.4000000059604645,2024-11-28 19:15:10,65,200.0,612,59.189178466796875
81,Amateur Match,4.309999942779541,2024-11-19 22:45:10,951,16.0,613,59.188533782958984
270,Seminar,11.619999885559082,2024-11-29 17:45:10,215,164.0,614,59.18818664550781
226,DJ Set,2.049999952316284,2024-11-18 13:15:10,1074,23.0,615,59.18796920776367
456,Market,8.609999656677246,2024-11-21 11:15:10,202,7.0,616,59.18722152709961
450,Training Session,3.3399999141693115,2025-01-10 17:00:10,458,25.0,617,59.186893463134766
986,Meeting,17.059999465942383,2024-11-22 22:15:10,267,11.0,618,59.18688201904297
411,Exhibition,2.0299999713897705,2024-11-22 12:30:10,176,25.0,619,59.18647766113281
756,Festival,3.1500000953674316,2024-11-19 11:45:10,489,70.0,620,59.185977935791016
699,Meeting,10.880000114440918,2024-11-22 22:30:10,336,27.0,621,59.18490982055664
319,Museum,18.56999969482422,2024-12-14 21:15:10,462,39.0,622,59.184322357177734
118,Concert,7.929999828338623,2024-11-21 17:00:10,796,103.0,623,59.183807373046875
344,Performance,14.9399995803833,2024-11-27 18:00:10,187,91.0,624,59.182533264160156
516,Gallery Opening,12.699999809265137,2024-11-30 22:15:10,670,22.0,625,59.18247604370117
314,Live Band,13.859999656677246,2024-12-27 17:45:10,911,81.0,626,59.180747985839844
369,Museum,11.399999618530273,2024-11-22 19:45:10,531,33.0,627,59.1801643371582
445,Orchestra,63.720001220703125,2024-11-28 20:15:10,708,64.0,628,59.17973327636719
130,Tournament,6.550000190734863,2024-11-26 08:00:10,588,129.0,629,59.17963409423828
254,Tournament,16.0,2024-11-28 11:15:10,448,76.0,630,59.17945861816406
997,Festival,8.029999732971191,2024-11-23 10:00:10,1288,190.0,631,59.17871856689453
951,Local Event,9.800000190734863,2024-11-21 23:45:10,83,22.0,632,59.17856216430664
622,Exhibition,6.550000190734863,2024-11-19 22:15:10,421,41.0,633,59.17731857299805
658,Orchestra,9.779999732971191,2024-11-25 17:15:10,1077,67.0,634,59.17694091796875
262,Concert,13.329999923706055,2024-11-25 21:30:10,409,181.0,635,59.176456451416016
478,Museum,42.02000045776367,2024-11-25 18:45:10,167,17.0,636,59.17464065551758
705,Seminar,15.069999694824219,2024-11-29 17:30:10,379,69.0,637,59.17457580566406
559,DJ Set,16.010000228881836,2024-11-24 17:00:10,670,29.0,638,59.17357635498047
191,Live Band,59.09000015258789,2024-11-28 22:45:10,1281,91.0,639,59.17350769042969
489,Museum,13.869999885559082,2024-11-22 22:15:10,335,44.0,640,59.173431396484375
218,Seminar,3.1700000762939453,2024-11-26 17:00:10,144,68.0,641,59.172306060791016
952,Fundraiser,5.28000020980835,2024-11-24 21:45:10,405,29.0,642,59.1722526550293
50,Meeting,6.71999979019165,2024-11-20 23:45:10,144,2.0,643,59.17220687866211
452,Performance,18.200000762939453,2024-11-29 11:00:10,316,68.0,644,59.171966552734375
231,Local Event,1.7799999713897705,2024-11-20 15:15:10,223,39.0,645,59.171714782714844
823,Gallery Opening,11.880000114440918,2024-12-01 10:15:10,381,5.0,646,59.17150115966797
786,Conference,8.350000381469727,2024-11-23 18:45:10,752,778.0,647,59.171077728271484
189,Festival,88.41999816894531,2024-11-23 17:30:10,530,39.0,648,59.169639587402344
477,Networking,1.0,2025-01-02 16:30:10,332,16.0,649,59.169185638427734
199,Meeting,85.27999877929688,2024-11-29 12:45:10,243,16.0,650,59.166664123535156
915,Local Event,29.31999969482422,2024-11-19 10:45:10,259,26.0,651,59.16558074951172
163,Meeting,18.149999618530273,2024-11-29 21:30:10,330,3.0,652,59.16547393798828
195,Market,18.420000076293945,2024-11-29 19:30:10,347,14.0,653,59.16413497924805
542,Festival,54.209999084472656,2024-11-19 17:30:10,1207,264.0,654,59.163475036621094
48,Training,15.59000015258789,2024-11-28 22:15:10,223,142.0,655,59.16133499145508
11,Workshop,12.850000381469727,2024-11-19 18:15:10,453,119.0,656,59.160945892333984
165,Training,14.729999542236328,2024-11-23 09:00:10,99,101.0,657,59.160491943359375
459,Meeting,16.5,2024-11-24 12:30:10,336,23.0,658,59.15921401977539
95,Meeting,9.489999771118164,2024-11-27 18:30:10,193,24.0,659,59.159114837646484
942,Museum,16.780000686645508,2024-12-01 17:45:10,481,15.0,660,59.158626556396484
968,Live Band,14.34000015258789,2024-11-23 22:15:10,1251,24.0,661,59.15776443481445
549,Conference,19.84000015258789,2024-11-24 09:30:10,472,815.0,662,59.156524658203125
536,Festival,18.280000686645508,2024-11-21 23:30:10,595,145.0,663,59.15641403198242
321,Meeting,0.029999999329447746,2024-12-17 16:30:10,146,22.0,664,59.15595245361328
769,Professional Game,10.270000457763672,2024-11-19 14:30:10,616,230.0,665,59.155635833740234
363,Orchestra,18.40999984741211,2024-11-24 12:00:10,1465,226.0,666,59.15471267700195
377,Local Event,18.170000076293945,2024-11-30 19:00:10,228,29.0,667,59.15412521362305
146,Fundraiser,13.899999618530273,2024-11-25 18:00:10,218,26.0,668,59.15367126464844
906,Festival,12.170000076293945,2025-01-14 08:30:10,58,31.0,669,59.153106689453125
304,Training Session,8.920000076293945,2024-11-25 22:30:10,267,36.0,670,59.152748107910156
904,Amateur Match,30.479999542236328,2024-11-18 12:00:10,409,47.0,671,59.15202713012695
209,Fundraiser,15.829999923706055,2024-11-22 10:45:10,285,42.0,672,59.151771545410156
875,Gallery Opening,13.630000114440918,2024-11-19 22:30:10,425,13.0,673,59.151512145996094
774,Festival,3.5399999618530273,2024-11-23 13:00:10,717,10.0,674,59.1514892578125
776,Theater,4.920000076293945,2024-11-26 09:00:10,352,114.0,675,59.15093994140625
76,Performance,6.619999885559082,2024-11-29 22:15:10,690,98.0,676,59.150272369384766
899,Theater,58.15999984741211,2024-12-14 19:45:10,793,112.0,677,59.14972686767578
946,Seminar,8.109999656677246,2024-11-24 23:00:10,201,92.0,678,59.149269104003906
837,Training Session,4.099999904632568,2025-01-02 17:30:10,273,80.0,679,59.14836120605469
506,Exhibition,7.5,2024-11-26 18:00:10,386,50.0,680,59.14704895019531
794,Meeting,12.890000343322754,2024-12-01 20:00:10,245,11.0,681,59.14659881591797
376,Local Event,18.489999771118164,2024-11-20 18:00:10,330,6.0,682,59.145809173583984
575,Gallery Opening,4.909999847412109,2024-11-19 09:00:10,241,27.0,683,59.14338302612305
981,Fundraiser,36.66999816894531,2024-11-22 17:15:10,360,81.0,684,59.14307403564453
295,DJ Set,4.199999809265137,2024-11-19 18:15:10,2298,42.0,685,59.14252853393555
833,Amateur Match,0.7099999785423279,2024-11-19 14:00:10,701,20.0,686,59.142311096191406
862,Market,3.4800000190734863,2024-11-19 20:30:10,279,7.0,687,59.14216613769531
545,Conference,6.230000019073486,2024-11-20 09:45:10,317,956.0,688,59.14195251464844
512,Market,8.739999771118164,2024-11-24 21:30:10,413,16.0,689,59.141395568847656
237,Workshop,52.38999938964844,2025-01-16 21:00:10,139,189.0,690,59.14118957519531
916,Meeting,10.59000015258789,2024-11-23 21:30:10,547,11.0,691,59.141082763671875
857,Training,17.90999984741211,2024-11-25 13:30:10,398,337.0,692,59.13935470581055
318,Fundraiser,80.56999969482422,2024-11-19 14:15:10,141,73.0,693,59.139068603515625
206,Training,48.7400016784668,2024-11-29 21:15:10,237,161.0,694,59.13899230957031
134,Amateur Match,11.350000381469727,2024-11-18 16:00:10,487,31.0,695,59.138092041015625
831,DJ Set,9.600000381469727,2024-11-19 16:15:10,752,40.0,696,59.1375617980957
807,Professional Game,17.450000762939453,2024-11-27 18:30:10,462,199.0,697,59.136234283447266
762,Orchestra,10.84000015258789,2024-11-18 19:00:10,1203,108.0,698,59.134849548339844
931,Gallery Opening,2.7899999618530273,2024-11-29 21:15:10,552,29.0,699,59.13332748413086
928,Festival,82.52999877929688,2024-11-26 10:00:10,132,41.0,700,59.13330841064453
693,Training,5.019999980926514,2024-11-20 21:15:10,352,390.0,701,59.13321304321289
293,Live Band,4.46999979019165,2024-11-20 22:00:10,1241,29.0,702,59.132667541503906
741,Seminar,0.33000001311302185,2024-11-21 12:00:10,112,39.0,703,59.13194274902344
803,Amateur Match,2.640000104904175,2024-12-01 11:45:10,927,45.0,704,59.1308708190918
641,Tournament,8.369999885559082,2024-11-30 11:45:10,942,96.0,705,59.12983322143555
181,Amateur Match,16.649999618530273,2024-11-19 11:30:10,700,43.0,706,59.12938690185547
473,Performance,2.25,2024-11-28 20:00:10,461,111.0,707,59.127716064453125
2,Training Session,3.630000114440918,2024-11-29 18:00:10,509,50.0,708,59.12735366821289
364,Training,3.880000114440918,2024-11-25 15:00:10,144,197.0,709,59.12701416015625
121,Local Event,4.239999771118164,2024-11-25 17:45:10,254,39.0,710,59.12697219848633
539,Live Band,3.7799999713897705,2024-11-21 08:00:10,849,18.0,711,59.12626266479492
648,DJ Set,3.190000057220459,2024-12-14 13:15:10,1087,41.0,712,59.12593460083008
406,Live Band,13.770000457763672,2024-11-27 21:15:10,1885,19.0,713,59.12566375732422
394,Exhibition,52.650001525878906,2024-11-22 21:45:10,395,36.0,714,59.12565612792969
688,Tournament,3.259999990463257,2024-12-04 13:00:10,235,83.0,715,59.12314224243164
89,Festival,9.3100004196167,2024-11-18 20:45:10,2160,98.0,716,59.1220588684082
24,Conference,58.779998779296875,2024-11-26 22:15:10,486,885.0,717,59.12194061279297
621,Amateur Match,16.229999542236328,2024-11-29 20:15:10,643,34.0,718,59.12175750732422
172,Professional Game,6.980000019073486,2024-12-15 21:15:10,1579,245.0,719,59.12145233154297
250,Theater,5.5,2024-11-19 22:00:10,1214,149.0,720,59.120635986328125
260,Amateur Match,2.5799999237060547,2024-11-18 20:15:10,1004,46.0,721,59.120426177978516
822,Festival,12.890000343322754,2024-11-24 20:30:10,1482,151.0,722,59.12009811401367
276,Orchestra,57.91999816894531,2024-12-09 21:00:10,1228,223.0,723,59.12009048461914
950,Festival,16.59000015258789,2024-12-01 23:00:10,1482,255.0,724,59.119842529296875
232,Market,11.949999809265137,2024-11-26 22:15:10,315,4.0,725,59.11862564086914
380,Seminar,12.199999809265137,2024-11-28 19:45:10,87,91.0,726,59.11605453491211
166,Festival,33.619998931884766,2025-01-14 18:00:10,516,65.0,727,59.11552047729492
600,Museum,19.729999542236328,2024-11-21 14:30:10,410,29.0,728,59.115379333496094
300,Exhibition,13.770000457763672,2024-11-27 19:15:10,761,36.0,729,59.115135192871094
20,Theater,5.130000114440918,2024-11-30 17:15:10,216,63.0,730,59.11458206176758
486,Market,7.840000152587891,2024-11-27 22:15:10,196,15.0,731,59.11408233642578
495,Live Band,19.479999542236328,2024-11-18 17:00:10,1181,50.0,732,59.11405944824219
507,Local Event,9.9399995803833,2024-11-29 17:15:10,292,35.0,733,59.11402893066406
453,DJ Set,62.04999923706055,2024-11-23 17:45:10,1458,52.0,734,59.11286544799805
804,Seminar,16.549999237060547,2024-11-20 22:45:10,253,76.0,735,59.11040115356445
852,Museum,12.039999961853027,2024-11-21 20:15:10,137,13.0,736,59.10891342163086
397,Performance,1.7400000095367432,2024-11-23 14:45:10,645,47.0,737,59.10801696777344
687,Marathon,8.359999656677246,2024-11-26 20:00:10,967,54.0,738,59.107749938964844
108,Local Event,13.260000228881836,2024-11-18 17:30:10,262,30.0,739,59.106536865234375
135,Amateur Match,10.720000267028809,2024-12-25 16:00:10,715,45.0,740,59.10628890991211
328,Museum,16.459999084472656,2024-12-13 08:45:10,533,11.0,741,59.10475540161133
261,Festival,8.859999656677246,2024-12-06 23:15:10,136,23.0,742,59.103431701660156
633,Gallery Opening,3.009999990463257,2024-11-29 12:45:10,214,7.0,743,59.10189437866211
543,Amateur Match,7.929999828338623,2024-12-01 19:00:10,1372,34.0,744,59.101505279541016
64,Museum,13.760000228881836,2024-12-30 22:00:10,430,21.0,745,59.09790802001953
273,Fundraiser,18.059999465942383,2024-11-30 21:15:10,150,25.0,746,59.096378326416016
839,Professional Game,11.279999732971191,2025-01-16 11:15:10,230,228.0,747,59.096092224121094
500,Live Band,17.780000686645508,2024-11-20 17:00:10,669,21.0,748,59.0951042175293
800,DJ Set,15.479999542236328,2024-11-27 14:45:10,670,73.0,749,59.09477233886719
601,Museum,1.25,2024-11-25 17:15:10,178,45.0,750,59.0946159362793
432,Fundraiser,12.359999656677246,2024-11-25 22:45:10,247,81.0,751,59.09011459350586
433,Conference,10.279999732971191,2024-11-20 23:00:10,186,641.0,752,59.09003448486328
1,Networking,7.5,2024-12-01 18:30:10,237,45.0,753,59.08976364135742
790,Fundraiser,14.789999961853027,2024-12-07 12:30:10,265,10.0,754,59.08976364135742
408,Networking,0.6200000047683716,2024-11-26 11:15:10,279,60.0,755,59.088932037353516
619,Tournament,5.349999904632568,2024-11-29 17:00:10,289,112.0,756,59.08769226074219
220,Performance,0.8500000238418579,2024-11-30 21:45:10,440,30.0,757,59.087608337402344
966,Marathon,5.039999961853027,2024-11-27 22:30:10,349,73.0,758,59.08396530151367
392,Festival,13.079999923706055,2024-11-22 10:30:10,482,271.0,759,59.08324432373047
892,Tournament,50.86000061035156,2025-01-15 12:30:10,563,39.0,760,59.08022689819336
342,Professional Game,52.52000045776367,2024-11-23 20:45:10,961,109.0,761,59.07784652709961
463,Exhibition,68.43000030517578,2024-11-18 16:45:10,638,1.0,762,59.07762908935547
418,Performance,13.859999656677246,2024-11-23 15:45:10,895,33.0,763,59.07658386230469
591,Market,32.400001525878906,2024-12-12 13:30:10,59,5.0,764,59.07608413696289
594,Conference,11.300000190734863,2024-11-24 10:30:10,235,186.0,765,59.075347900390625
421,Local Event,4.75,2024-12-11 23:00:10,242,10.0,766,59.07505416870117
623,Live Band,8.109999656677246,2024-11-24 17:15:10,1353,78.0,767,59.07470703125
664,Museum,48.209999084472656,2024-11-21 12:30:10,324,44.0,768,59.072776794433594
137,Exhibition,18.280000686645508,2024-11-23 08:00:10,471,36.0,769,59.072486877441406
742,Gallery Opening,10.609999656677246,2024-12-15 21:30:10,1127,13.0,770,59.07218551635742
565,Amateur Match,15.989999771118164,2024-11-24 17:00:10,937,34.0,771,59.07183837890625
27,Networking,10.029999732971191,2024-11-27 11:00:10,245,76.0,772,59.07106399536133
460,Market,12.789999961853027,2024-11-18 09:45:10,280,10.0,773,59.0710334777832
772,Market,18.450000762939453,2024-11-20 13:30:10,64,18.0,774,59.07013702392578
988,Orchestra,0.6700000166893005,2024-12-01 22:45:10,1129,223.0,775,59.069007873535156
844,Marathon,10.920000076293945,2024-11-30 20:00:10,2570,44.0,776,59.06864547729492
327,Meeting,12.899999618530273,2024-11-30 14:45:10,391,12.0,777,59.06683349609375
955,Concert,18.739999771118164,2024-11-21 17:15:10,1284,134.0,778,59.066246032714844
474,Local Event,17.329999923706055,2024-11-20 16:45:10,182,37.0,779,59.065589904785156
32,Exhibition,17.549999237060547,2024-11-20 22:30:10,406,12.0,780,59.064632415771484
649,Exhibition,4.440000057220459,2024-11-19 12:45:10,306,15.0,781,59.0640869140625
29,Gallery Opening,16.510000228881836,2024-11-22 19:45:10,516,28.0,782,59.06376647949219
765,Concert,17.489999771118164,2024-12-07 20:00:10,1304,62.0,783,59.06211471557617
447,Seminar,13.699999809265137,2024-12-01 20:00:10,586,189.0,784,59.061641693115234
842,Performance,15.569999694824219,2024-12-01 23:00:10,432,55.0,785,59.06144332885742
420,Market,17.360000610351562,2024-11-22 16:45:10,94,11.0,786,59.05979537963867
233,Concert,31.540000915527344,2024-12-16 09:45:10,961,73.0,787,59.05962371826172
256,Training Session,4.159999847412109,2024-11-20 17:30:10,1570,32.0,788,59.05925750732422
885,Meeting,18.579999923706055,2024-11-20 14:30:10,89,19.0,789,59.059139251708984
736,Orchestra,7.920000076293945,2025-01-10 12:15:10,381,218.0,790,59.0589714050293
829,Fundraiser,7.789999961853027,2024-12-01 15:00:10,162,98.0,791,59.05879211425781
404,Marathon,7.570000171661377,2024-11-21 11:00:10,285,62.0,792,59.0586051940918
835,Local Event,17.139999389648438,2024-11-20 12:00:10,77,36.0,793,59.057979583740234
995,Festival,13.779999732971191,2024-11-27 21:00:10,635,242.0,794,59.0557975769043
129,DJ Set,7.489999771118164,2024-11-25 20:00:10,995,55.0,795,59.055397033691406
6,Festival,8.119999885559082,2024-12-11 14:00:10,216,13.0,796,59.051795959472656
258,Market,36.560001373291016,2024-11-20 22:45:10,231,20.0,797,59.0517578125
758,Gallery Opening,10.4399995803833,2024-12-01 15:45:10,555,1.0,798,59.05153274536133
375,Gallery Opening,2.1600000858306885,2024-11-18 21:15:10,327,2.0,799,59.05088806152344
269,DJ Set,9.119999885559082,2024-11-20 22:15:10,843,69.0,800,59.05072784423828
964,Meeting,33.70000076293945,2024-12-07 09:00:10,156,23.0,801,59.04997634887695
706,Training Session,18.079999923706055,2024-12-15 13:45:10,2289,73.0,802,59.04985046386719
333,Workshop,12.819999694824219,2024-11-22 22:45:10,213,238.0,803,59.04969024658203
61,Tournament,4.389999866485596,2024-11-29 23:15:10,222,57.0,804,59.04900360107422
360,Training,13.260000228881836,2024-11-21 16:30:10,758,391.0,805,59.04829025268555
415,Training Session,3.7899999618530273,2024-11-23 17:45:10,1485,31.0,806,59.04621124267578
169,Concert,16.329999923706055,2024-11-22 09:30:10,553,153.0,807,59.04429626464844
960,Seminar,18.5,2024-11-27 16:15:10,375,104.0,808,59.03932571411133
533,Concert,8.550000190734863,2024-11-19 22:30:10,819,38.0,809,59.0392951965332
961,Marathon,10.779999732971191,2024-11-29 18:30:10,565,41.0,810,59.035823822021484
225,Orchestra,14.170000076293945,2024-12-03 22:30:10,598,243.0,811,59.03162384033203
812,Festival,3.299999952316284,2024-11-18 22:00:10,902,172.0,812,59.0313606262207
255,Gallery Opening,69.48999786376953,2024-11-20 18:15:10,630,12.0,813,59.03102493286133
572,Training,10.739999771118164,2024-11-30 22:00:10,573,99.0,814,59.03010940551758
525,Festival,5.179999828338623,2024-11-30 12:00:10,868,168.0,815,59.0297737121582
813,Theater,18.790000915527344,2024-11-23 17:00:10,731,50.0,816,59.02872085571289
674,Workshop,10.0600004196167,2024-11-26 15:15:10,212,109.0,817,59.02865219116211
943,Exhibition,7.929999828338623,2024-11-22 19:30:10,748,16.0,818,59.026737213134766
752,Networking,12.0600004196167,2024-11-24 12:00:10,382,22.0,819,59.02552032470703
248,Professional Game,12.0600004196167,2024-12-15 17:15:10,602,76.0,820,59.02472686767578
236,Concert,11.15999984741211,2024-12-02 20:15:10,555,183.0,821,59.024688720703125
759,Networking,2.7699999809265137,2024-11-22 18:00:10,226,95.0,822,59.02459716796875
275,Training,18.8700008392334,2025-01-14 19:30:10,432,91.0,823,59.0245246887207
13,DJ Set,15.609999656677246,2024-12-04 14:00:10,1590,43.0,824,59.02397155761719
331,Tournament,1.7400000095367432,2024-11-27 20:15:10,438,91.0,825,59.02277755737305
113,DJ Set,8.220000267028809,2024-11-19 15:00:10,1452,25.0,826,59.02082824707031
593,Networking,13.289999961853027,2024-11-23 17:00:10,415,34.0,827,59.01887512207031
675,Local Event,62.09000015258789,2024-11-23 17:00:10,374,34.0,828,59.01811981201172
754,Local Event,0.8700000047683716,2024-11-19 15:45:10,164,18.0,829,59.014923095703125
23,Local Event,15.479999542236328,2025-01-14 14:00:10,146,31.0,830,59.01311111450195
872,Concert,19.1299991607666,2024-12-08 13:30:10,1162,168.0,831,59.01274490356445
469,Performance,14.609999656677246,2024-11-19 21:45:10,682,119.0,832,59.011024475097656
978,Seminar,17.100000381469727,2024-11-24 08:30:10,352,115.0,833,59.00986099243164
272,Amateur Match,18.43000030517578,2024-11-30 18:15:10,1131,37.0,834,59.00925064086914
801,Marathon,15.699999809265137,2024-11-26 14:30:10,663,91.0,835,59.00658416748047
552,Seminar,14.0,2024-11-27 11:00:10,286,100.0,836,59.0052375793457
9,Performance,7.289999961853027,2024-11-27 18:30:10,1185,110.0,837,59.00430679321289
346,Orchestra,11.6899995803833,2024-11-21 17:30:10,692,65.0,838,59.00400924682617
626,Exhibition,18.809999465942383,2024-11-27 17:15:10,562,47.0,839,59.00376892089844
647,Gallery Opening,2.7100000381469727,2024-12-03 17:45:10,556,12.0,840,59.00343322753906
82,Gallery Opening,8.460000038146973,2025-01-08 23:45:10,276,7.0,841,58.999420166015625
708,Gallery Opening,17.049999237060547,2024-11-25 12:00:10,1076,20.0,842,58.99921798706055
795,DJ Set,8.739999771118164,2024-11-27 21:45:10,471,53.0,843,58.998046875
467,Festival,0.3700000047683716,2024-12-08 17:30:10,733,176.0,844,58.995758056640625
423,Networking,49.38999938964844,2024-11-22 22:45:10,68,27.0,845,58.99457550048828
558,Live Band,2.1500000953674316,2024-11-21 20:30:10,1040,68.0,846,58.99285888671875
279,Gallery Opening,4.829999923706055,2024-11-22 22:45:10,197,11.0,847,58.992523193359375
281,Professional Game,11.970000267028809,2024-12-03 22:30:10,835,77.0,848,58.99137496948242
111,Theater,3.4700000286102295,2024-11-28 22:15:10,202,139.0,849,58.990631103515625
138,Festival,7.429999828338623,2024-11-24 14:30:10,1095,141.0,850,58.990203857421875
723,Exhibition,0.5299999713897705,2024-11-23 23:15:10,217,36.0,851,58.98859405517578
749,Workshop,17.43000030517578,2024-11-24 18:45:10,409,146.0,852,58.987491607666016
662,Concert,9.210000038146973,2024-12-30 18:45:10,503,160.0,853,58.98662185668945
324,Meeting,0.7799999713897705,2024-11-25 23:30:10,188,28.0,854,58.98250198364258
338,Amateur Match,3.140000104904175,2024-11-24 13:30:10,1176,14.0,855,58.982418060302734
57,Performance,7.559999942779541,2024-11-30 18:00:10,1035,29.0,856,58.981666564941406
851,Museum,0.5299999713897705,2024-12-02 12:45:10,358,50.0,857,58.98039245605469
74,Orchestra,4.920000076293945,2024-11-20 12:00:10,380,240.0,858,58.979984283447266
68,Museum,8.59000015258789,2024-12-13 21:15:10,538,31.0,859,58.97807312011719
371,Seminar,3.299999952316284,2024-11-19 11:00:10,389,122.0,860,58.975563049316406
746,DJ Set,0.4000000059604645,2024-11-25 19:45:10,564,74.0,861,58.97346115112305
378,Seminar,11.670000076293945,2025-01-07 22:30:10,349,58.0,862,58.971710205078125
41,Training,10.5,2024-11-25 13:30:10,111,356.0,863,58.970977783203125
895,Training Session,14.229999542236328,2024-11-27 19:15:10,997,55.0,864,58.970821380615234
101,Gallery Opening,8.119999885559082,2024-11-25 12:30:10,299,14.0,865,58.96982955932617
132,Market,12.859999656677246,2024-11-22 17:15:10,128,9.0,866,58.96739196777344
900,Festival,4.059999942779541,2024-11-30 11:15:10,75,46.0,867,58.9664192199707
654,Professional Game,0.27000001072883606,2024-12-17 16:45:10,634,240.0,868,58.96641540527344
100,Festival,6.820000171661377,2024-11-18 22:30:10,352,1.0,869,58.96635818481445
620,Museum,14.569999694824219,2024-11-18 23:45:10,306,29.0,870,58.964725494384766
390,DJ Set,17.559999465942383,2024-11-21 13:45:10,802,31.0,871,58.96369552612305
49,Live Band,10.779999732971191,2024-12-01 12:30:10,1009,68.0,872,58.96083450317383
760,Training,4.619999885559082,2024-11-22 18:30:10,465,368.0,873,58.95893096923828
936,Training,7.389999866485596,2024-11-30 20:15:10,579,148.0,874,58.95675277709961
528,Theater,9.359999656677246,2024-12-04 22:15:10,396,36.0,875,58.951683044433594
805,Networking,10.949999809265137,2024-11-29 17:45:10,478,13.0,876,58.94457244873047
897,Seminar,5.110000133514404,2024-11-23 15:30:10,318,104.0,877,58.94395446777344
42,Amateur Match,14.970000267028809,2025-01-14 17:00:10,921,22.0,878,58.93974685668945
159,Festival,6.340000152587891,2024-11-20 20:30:10,161,22.0,879,58.935447692871094
287,Professional Game,9.029999732971191,2024-11-25 12:45:10,778,124.0,880,58.93445587158203
198,Workshop,14.619999885559082,2024-11-24 18:15:10,384,196.0,881,58.9323616027832
149,Seminar,7.25,2024-11-29 20:15:10,291,135.0,882,58.93144607543945
891,Training Session,17.06999969482422,2024-11-19 12:15:10,366,48.0,883,58.93037033081055
257,Festival,5.960000038146973,2024-11-27 20:30:10,1112,177.0,884,58.9291877746582
522,Market,63.75,2024-11-19 18:15:10,353,13.0,885,58.92755889892578
605,Meeting,26.829999923706055,2024-11-23 13:45:10,292,3.0,886,58.9275016784668
847,Museum,17.420000076293945,2024-11-28 21:15:10,751,23.0,887,58.92561721801758
484,Exhibition,4.670000076293945,2024-12-05 12:30:10,1068,14.0,888,58.91373825073242
984,Tournament,15.850000381469727,2024-12-01 21:45:10,1179,146.0,889,58.91364288330078
7,Seminar,33.15999984741211,2024-11-29 13:00:10,193,79.0,890,58.90697479248047
799,DJ Set,18.110000610351562,2024-11-30 21:15:10,1661,65.0,891,58.90391540527344
561,Workshop,1.7699999809265137,2024-11-21 12:00:10,191,244.0,892,58.90230178833008
359,Conference,10.630000114440918,2024-11-22 22:30:10,288,212.0,893,58.90121841430664
426,Tournament,2.6700000762939453,2024-11-19 16:30:10,445,33.0,894,58.89958953857422
817,Exhibition,7.510000228881836,2024-11-24 23:45:10,876,31.0,895,58.898319244384766
513,Professional Game,7.380000114440918,2024-11-20 19:00:10,877,255.0,896,58.89729309082031
177,Theater,8.510000228881836,2024-11-20 22:00:10,587,62.0,897,58.89617156982422
53,Theater,19.770000457763672,2024-11-29 08:45:10,443,49.0,898,58.88764953613281
18,Local Event,13.09000015258789,2024-11-19 08:45:10,484,2.0,899,58.88151550292969
399,Seminar,6.840000152587891,2024-12-11 08:15:10,434,185.0,900,58.88150405883789
124,Museum,13.779999732971191,2024-11-19 14:00:10,336,38.0,901,58.879642486572266
962,Seminar,7.409999847412109,2024-11-21 13:15:10,240,150.0,902,58.87821578979492
963,Local Event,8.260000228881836,2024-12-18 12:00:10,259,20.0,903,58.876953125
927,Training,2.930000066757202,2024-11-24 19:30:10,154,157.0,904,58.87399673461914
334,Professional Game,9.609999656677246,2024-11-18 09:00:10,612,97.0,905,58.87107849121094
514,Theater,84.93000030517578,2024-11-22 22:45:10,431,95.0,906,58.869667053222656
401,Market,5.429999828338623,2024-11-26 21:00:10,79,0.0,907,58.86883544921875
461,Training Session,4.349999904632568,2024-11-30 16:00:10,859,67.0,908,58.86872863769531
544,Festival,14.119999885559082,2024-11-18 08:30:10,223,15.0,909,58.86650085449219
773,Live Band,11.479999542236328,2024-11-29 21:15:10,1296,91.0,910,58.86636734008789
515,Seminar,19.239999771118164,2024-11-23 23:45:10,177,97.0,911,58.865543365478516
846,Live Band,0.5600000023841858,2025-01-01 14:30:10,329,80.0,912,58.86225891113281
142,Training,15.0,2024-11-26 12:30:10,294,242.0,913,58.857234954833984
630,Professional Game,15.470000267028809,2024-11-19 19:15:10,887,228.0,914,58.85685729980469
15,Networking,7.980000019073486,2024-11-23 23:00:10,150,72.0,915,58.855934143066406
382,Concert,6.46999979019165,2024-11-25 23:45:10,883,114.0,916,58.85237121582031
296,Training,12.039999961853027,2024-11-20 11:45:10,161,179.0,917,58.849544525146484
635,Amateur Match,8.289999961853027,2024-11-28 20:00:10,969,15.0,918,58.84812545776367
38,Concert,24.700000762939453,2024-12-05 17:15:10,869,151.0,919,58.84740447998047
109,Museum,2.299999952316284,2024-11-25 19:15:10,739,13.0,920,58.84242630004883
917,Professional Game,8.34000015258789,2024-12-16 10:00:10,576,213.0,921,58.842220306396484
560,Professional Game,7.179999828338623,2024-11-20 11:45:10,545,126.0,922,58.84075927734375
733,Workshop,7.96999979019165,2024-11-21 20:45:10,145,224.0,923,58.83803939819336
26,Festival,12.079999923706055,2024-11-18 22:45:10,223,8.0,924,58.83311462402344
858,Marathon,7.170000076293945,2024-12-01 19:30:10,1255,42.0,925,58.83003234863281
624,Local Event,14.9399995803833,2024-11-21 14:45:10,195,21.0,926,58.82978057861328
859,Museum,16.299999237060547,2024-12-01 17:30:10,477,32.0,927,58.828956604003906
374,Festival,13.479999542236328,2024-11-20 11:45:10,134,46.0,928,58.82223129272461
909,Museum,1.2100000381469727,2024-11-24 09:30:10,489,35.0,929,58.821571350097656
753,Theater,14.989999771118164,2024-11-29 16:45:10,168,124.0,930,58.820796966552734
332,Performance,3.319999933242798,2024-12-15 16:00:10,225,66.0,931,58.81971740722656
926,Orchestra,61.84000015258789,2024-11-20 12:30:10,876,128.0,932,58.815673828125
725,Training,4.289999961853027,2024-11-22 19:15:10,351,253.0,933,58.81425094604492
634,Fundraiser,10.779999732971191,2024-11-21 17:00:10,388,64.0,934,58.80354309082031
186,DJ Set,2.0199999809265137,2024-11-24 20:00:10,1536,47.0,935,58.80040740966797
92,Local Event,11.59000015258789,2024-12-22 19:30:10,444,11.0,936,58.79104232788086
212,Live Band,68.44999694824219,2024-11-30 14:15:10,2268,42.0,937,58.79045867919922
940,Gallery Opening,11.949999809265137,2024-11-21 22:30:10,642,14.0,938,58.7891731262207
564,Orchestra,17.43000030517578,2024-11-19 17:45:10,800,201.0,939,58.78643798828125
59,Concert,6.239999771118164,2024-11-29 11:15:10,410,193.0,940,58.783599853515625
5,Marathon,69.08000183105469,2024-11-30 22:00:10,501,73.0,941,58.779117584228516
665,Festival,11.539999961853027,2024-11-18 17:15:10,282,27.0,942,58.77516174316406
726,Meeting,12.319999694824219,2024-12-01 22:15:10,366,5.0,943,58.773681640625
890,Performance,17.360000610351562,2024-11-30 14:00:10,400,112.0,944,58.77016067504883
947,Conference,1.0800000429153442,2024-11-21 19:15:10,451,444.0,945,58.769405364990234
35,Local Event,5.75,2024-11-21 19:45:10,362,2.0,946,58.7681884765625
355,Gallery Opening,8.40999984741211,2024-11-22 14:30:10,376,19.0,947,58.76708221435547
221,Professional Game,71.7699966430664,2024-12-01 10:45:10,597,131.0,948,58.76303482055664
356,Training,5.480000019073486,2024-12-01 15:00:10,160,366.0,949,58.76256561279297
417,Festival,2.8299999237060547,2024-11-24 21:30:10,1909,174.0,950,58.758522033691406
1000,Marathon,5.75,2024-12-01 19:30:10,744,27.0,951,58.75540542602539
475,Exhibition,11.850000381469727,2024-12-01 10:15:10,429,10.0,952,58.75083923339844
403,Training,3.8399999141693115,2024-11-19 21:30:10,180,105.0,953,58.74330520629883
112,Local Event,0.6899999976158142,2024-11-21 11:15:10,210,17.0,954,58.74136734008789
51,Concert,14.369999885559082,2024-11-20 21:30:10,756,123.0,955,58.73736572265625
779,Fundraiser,21.399999618530273,2024-12-02 11:15:10,108,85.0,956,58.72583770751953
877,Fundraiser,12.930000305175781,2024-12-01 16:45:10,388,51.0,957,58.71788787841797
160,Orchestra,5.199999809265137,2024-11-28 22:15:10,1261,246.0,958,58.71002960205078
227,Marathon,16.8799991607666,2024-11-25 16:45:10,400,63.0,959,58.706363677978516
176,Local Event,8.289999961853027,2024-11-28 12:15:10,67,36.0,960,58.70209884643555
550,Meeting,11.4399995803833,2024-11-30 18:00:10,579,1.0,961,58.6967887878418
937,Exhibition,26.790000915527344,2024-11-25 10:30:10,362,47.0,962,58.683841705322266
329,Theater,14.420000076293945,2024-11-24 23:00:10,369,123.0,963,58.6756477355957
488,Gallery Opening,16.670000076293945,2024-11-19 19:30:10,423,29.0,964,58.66611099243164
696,Concert,2.3399999141693115,2024-11-20 08:00:10,969,157.0,965,58.66194152832031
827,Workshop,8.0600004196167,2024-11-24 23:00:10,466,211.0,966,58.65768051147461
912,Festival,79.48999786376953,2024-11-24 12:30:10,732,163.0,967,58.65587615966797
924,Conference,12.449999809265137,2024-12-16 19:00:10,271,483.0,968,58.6510009765625
784,Professional Game,8.460000038146973,2024-11-23 18:45:10,1238,129.0,969,58.64616394042969
628,Orchestra,13.59000015258789,2024-11-26 22:45:10,772,149.0,970,58.645755767822266
625,Live Band,12.699999809265137,2024-11-27 11:15:10,431,83.0,971,58.63700485229492
659,Theater,17.030000686645508,2024-11-27 15:30:10,1180,108.0,972,58.63400650024414
156,Concert,11.329999923706055,2024-11-24 12:30:10,1428,70.0,973,58.62265396118164
788,Performance,11.479999542236328,2024-11-23 22:45:10,694,119.0,974,58.619930267333984
117,Concert,17.489999771118164,2024-11-22 18:30:10,514,70.0,975,58.61823272705078
714,DJ Set,9.890000343322754,2024-11-22 08:15:10,496,75.0,976,58.61431121826172
343,Festival,12.210000038146973,2024-11-20 22:00:10,237,40.0,977,58.602725982666016
783,Conference,13.529999732971191,2024-11-28 12:15:10,236,930.0,978,58.6010627746582
563,Amateur Match,5.920000076293945,2024-11-26 13:00:10,653,10.0,979,58.57312774658203
888,Tournament,17.719999313354492,2024-11-25 11:00:10,274,109.0,980,58.56294631958008
811,Workshop,5.630000114440918,2024-12-01 12:45:10,502,211.0,981,58.56269454956055
780,Festival,1.2300000190734863,2024-11-30 22:30:10,1792,141.0,982,58.56165313720703
56,Orchestra,4.070000171661377,2024-11-27 17:45:10,678,217.0,983,58.54982376098633
444,Fundraiser,9.75,2024-11-28 20:00:10,582,59.0,984,58.53957748413086
945,Orchestra,18.1200008392334,2024-11-24 11:45:10,1198,81.0,985,58.538997650146484
348,DJ Set,7.159999847412109,2024-11-28 17:45:10,947,68.0,986,58.53541946411133
3,Festival,13.770000457763672,2024-11-21 23:30:10,203,10.0,987,58.50801467895508
286,Exhibition,10.869999885559082,2024-12-10 22:15:10,274,9.0,988,58.499473571777344
337,Professional Game,4.300000190734863,2024-11-30 17:30:10,1860,150.0,989,58.448570251464844
222,Theater,0.41999998688697815,2024-11-20 20:45:10,471,95.0,990,58.44670104980469
330,Fundraiser,4.420000076293945,2024-11-28 22:45:10,170,82.0,991,58.32945251464844
570,Tournament,3.200000047683716,2024-11-26 08:15:10,231,72.0,992,58.29452133178711
589,Training Session,10.8100004196167,2024-11-19 12:00:10,642,37.0,993,58.25220489501953
680,Local Event,17.579999923706055,2024-11-29 17:00:10,120,5.0,994,57.7275505065918
454,Local Event,7.880000114440918,2024-11-29 23:45:10,115,5.0,995,57.45119857788086
197,Training,16.579999923706055,2024-11-18 20:00:10,331,85.0,996,55.7403564453125
582,Seminar,1.7100000381469727,2024-11-23 18:00:10,124,110.0,997,55.41164016723633
36,Conference,3.3499999046325684,2024-12-01 17:30:10,507,242.0,998,54.41825485229492
362,Festival,5.820000171661377,2024-11-28 20:45:10,289,8.0,999,53.14540481567383
171,Concert,16.889999389648438,2024-11-27 22:15:10,1264,51.0,1000,46.854766845703125
